,exposure,outcome,id.exposure,id.outcome,SNP,MAF,b,se,p,F-statistic,Rsquared
1,Body fat percentage (UKB data field 23099) || id:ebi-a-GCST90013975,Hidradenitis suppurativa || id:finn-b-L12_HIDRADENITISSUP,ebi-a-GCST90013975,finn-b-L12_HIDRADENITISSUP,rs1013293,0.3629,2.012298474,0.346784605,6.52E-09,33.7,0.009580353
2,Body fat percentage (UKB data field 23099) || id:ebi-a-GCST90013975,Hidradenitis suppurativa || id:finn-b-L12_HIDRADENITISSUP,ebi-a-GCST90013975,finn-b-L12_HIDRADENITISSUP,rs10146997,0.2407,1.99800913,0.347986076,9.38E-09,33,0.013810637
3,Body fat percentage (UKB data field 23099) || id:ebi-a-GCST90013975,Hidradenitis suppurativa || id:finn-b-L12_HIDRADENITISSUP,ebi-a-GCST90013975,finn-b-L12_HIDRADENITISSUP,rs1017529,0.1411,1.984481526,0.347351252,1.11E-08,32.6,0.003652635
4,Body fat percentage (UKB data field 23099) || id:ebi-a-GCST90013975,Hidradenitis suppurativa || id:finn-b-L12_HIDRADENITISSUP,ebi-a-GCST90013975,finn-b-L12_HIDRADENITISSUP,rs10182458,0.4184,1.999625195,0.349052608,1.01E-08,32.8,0.026158423
5,Body fat percentage (UKB data field 23099) || id:ebi-a-GCST90013975,Hidradenitis suppurativa || id:finn-b-L12_HIDRADENITISSUP,ebi-a-GCST90013975,finn-b-L12_HIDRADENITISSUP,rs10496731,0.4029,1.969916936,0.347264365,1.41E-08,32.2,0.005248876
6,Body fat percentage (UKB data field 23099) || id:ebi-a-GCST90013975,Hidradenitis suppurativa || id:finn-b-L12_HIDRADENITISSUP,ebi-a-GCST90013975,finn-b-L12_HIDRADENITISSUP,rs10510025,0.2547,1.985009841,0.347506659,1.12E-08,32.6,0.005478075
7,Body fat percentage (UKB data field 23099) || id:ebi-a-GCST90013975,Hidradenitis suppurativa || id:finn-b-L12_HIDRADENITISSUP,ebi-a-GCST90013975,finn-b-L12_HIDRADENITISSUP,rs1056441,0.7435,1.937349931,0.344626779,1.89E-08,31.6,0.006738035
8,Body fat percentage (UKB data field 23099) || id:ebi-a-GCST90013975,Hidradenitis suppurativa || id:finn-b-L12_HIDRADENITISSUP,ebi-a-GCST90013975,finn-b-L12_HIDRADENITISSUP,rs10756713,0.5029,1.94055843,0.347899474,2.43E-08,31.1,0.02069078
9,Body fat percentage (UKB data field 23099) || id:ebi-a-GCST90013975,Hidradenitis suppurativa || id:finn-b-L12_HIDRADENITISSUP,ebi-a-GCST90013975,finn-b-L12_HIDRADENITISSUP,rs10756798,0.6574,1.991552778,0.347594626,1.01E-08,32.8,0.007980605
10,Body fat percentage (UKB data field 23099) || id:ebi-a-GCST90013975,Hidradenitis suppurativa || id:finn-b-L12_HIDRADENITISSUP,ebi-a-GCST90013975,finn-b-L12_HIDRADENITISSUP,rs10794537,0.786,1.990419716,0.347291305,9.97E-09,32.8,0.004848151
11,Body fat percentage (UKB data field 23099) || id:ebi-a-GCST90013975,Hidradenitis suppurativa || id:finn-b-L12_HIDRADENITISSUP,ebi-a-GCST90013975,finn-b-L12_HIDRADENITISSUP,rs10801366,0.3336,1.996864005,0.346968333,8.66E-09,33.1,0.004945472
12,Body fat percentage (UKB data field 23099) || id:ebi-a-GCST90013975,Hidradenitis suppurativa || id:finn-b-L12_HIDRADENITISSUP,ebi-a-GCST90013975,finn-b-L12_HIDRADENITISSUP,rs10854853,0.4349,2.007558021,0.346154666,6.65E-09,33.6,0.005351448
13,Body fat percentage (UKB data field 23099) || id:ebi-a-GCST90013975,Hidradenitis suppurativa || id:finn-b-L12_HIDRADENITISSUP,ebi-a-GCST90013975,finn-b-L12_HIDRADENITISSUP,rs10876529,0.497,2.011830628,0.345754097,5.93E-09,33.9,0.005575479
14,Body fat percentage (UKB data field 23099) || id:ebi-a-GCST90013975,Hidradenitis suppurativa || id:finn-b-L12_HIDRADENITISSUP,ebi-a-GCST90013975,finn-b-L12_HIDRADENITISSUP,rs10930925,0.2831,1.988123459,0.347412446,1.05E-08,32.7,0.005208031
15,Body fat percentage (UKB data field 23099) || id:ebi-a-GCST90013975,Hidradenitis suppurativa || id:finn-b-L12_HIDRADENITISSUP,ebi-a-GCST90013975,finn-b-L12_HIDRADENITISSUP,rs10938398,0.4729,1.961919853,0.348277351,1.77E-08,31.7,0.017445258
16,Body fat percentage (UKB data field 23099) || id:ebi-a-GCST90013975,Hidradenitis suppurativa || id:finn-b-L12_HIDRADENITISSUP,ebi-a-GCST90013975,finn-b-L12_HIDRADENITISSUP,rs10946808,0.42,1.975083441,0.348995751,1.52E-08,32,0.024316052
17,Body fat percentage (UKB data field 23099) || id:ebi-a-GCST90013975,Hidradenitis suppurativa || id:finn-b-L12_HIDRADENITISSUP,ebi-a-GCST90013975,finn-b-L12_HIDRADENITISSUP,rs10953733,0.4012,1.953238246,0.346305289,1.70E-08,31.8,0.006363596
18,Body fat percentage (UKB data field 23099) || id:ebi-a-GCST90013975,Hidradenitis suppurativa || id:finn-b-L12_HIDRADENITISSUP,ebi-a-GCST90013975,finn-b-L12_HIDRADENITISSUP,rs10982576,0.2355,2.007548008,0.345928256,6.50E-09,33.7,0.004783442
19,Body fat percentage (UKB data field 23099) || id:ebi-a-GCST90013975,Hidradenitis suppurativa || id:finn-b-L12_HIDRADENITISSUP,ebi-a-GCST90013975,finn-b-L12_HIDRADENITISSUP,rs10993937,0.7691,1.969798903,0.347223954,1.40E-08,32.2,0.005126223
20,Body fat percentage (UKB data field 23099) || id:ebi-a-GCST90013975,Hidradenitis suppurativa || id:finn-b-L12_HIDRADENITISSUP,ebi-a-GCST90013975,finn-b-L12_HIDRADENITISSUP,rs11012732,0.3141,2.00705693,0.347504576,7.67E-09,33.4,0.012191356
21,Body fat percentage (UKB data field 23099) || id:ebi-a-GCST90013975,Hidradenitis suppurativa || id:finn-b-L12_HIDRADENITISSUP,ebi-a-GCST90013975,finn-b-L12_HIDRADENITISSUP,rs11030016,0.6765,2.002967839,0.346812254,7.68E-09,33.4,0.00634248
22,Body fat percentage (UKB data field 23099) || id:ebi-a-GCST90013975,Hidradenitis suppurativa || id:finn-b-L12_HIDRADENITISSUP,ebi-a-GCST90013975,finn-b-L12_HIDRADENITISSUP,rs11042030,0.2645,1.972645324,0.347565025,1.38E-08,32.2,0.007218974
23,Body fat percentage (UKB data field 23099) || id:ebi-a-GCST90013975,Hidradenitis suppurativa || id:finn-b-L12_HIDRADENITISSUP,ebi-a-GCST90013975,finn-b-L12_HIDRADENITISSUP,rs11079849,0.2989,1.977881139,0.347700139,1.28E-08,32.4,0.007786922
24,Body fat percentage (UKB data field 23099) || id:ebi-a-GCST90013975,Hidradenitis suppurativa || id:finn-b-L12_HIDRADENITISSUP,ebi-a-GCST90013975,finn-b-L12_HIDRADENITISSUP,rs11105846,0.3611,1.990141286,0.347261745,9.99E-09,32.8,0.004463262
25,Body fat percentage (UKB data field 23099) || id:ebi-a-GCST90013975,Hidradenitis suppurativa || id:finn-b-L12_HIDRADENITISSUP,ebi-a-GCST90013975,finn-b-L12_HIDRADENITISSUP,rs11122450,0.5642,1.974846655,0.34732567,1.30E-08,32.3,0.004119774
26,Body fat percentage (UKB data field 23099) || id:ebi-a-GCST90013975,Hidradenitis suppurativa || id:finn-b-L12_HIDRADENITISSUP,ebi-a-GCST90013975,finn-b-L12_HIDRADENITISSUP,rs11135450,0.5567,1.959091645,0.346775085,1.61E-08,31.9,0.006251302
27,Body fat percentage (UKB data field 23099) || id:ebi-a-GCST90013975,Hidradenitis suppurativa || id:finn-b-L12_HIDRADENITISSUP,ebi-a-GCST90013975,finn-b-L12_HIDRADENITISSUP,rs11150745,0.28,1.970048813,0.347302839,1.41E-08,32.2,0.005559671
28,Body fat percentage (UKB data field 23099) || id:ebi-a-GCST90013975,Hidradenitis suppurativa || id:finn-b-L12_HIDRADENITISSUP,ebi-a-GCST90013975,finn-b-L12_HIDRADENITISSUP,rs11205303,0.3269,2.021712012,0.3470197,5.68E-09,33.9,0.014506574
29,Body fat percentage (UKB data field 23099) || id:ebi-a-GCST90013975,Hidradenitis suppurativa || id:finn-b-L12_HIDRADENITISSUP,ebi-a-GCST90013975,finn-b-L12_HIDRADENITISSUP,rs11222371,0.4347,1.992159919,0.347320274,9.71E-09,32.9,0.005634015
30,Body fat percentage (UKB data field 23099) || id:ebi-a-GCST90013975,Hidradenitis suppurativa || id:finn-b-L12_HIDRADENITISSUP,ebi-a-GCST90013975,finn-b-L12_HIDRADENITISSUP,rs112374782,0.007848,1.995410131,0.346164074,8.20E-09,33.2,0.002075496
31,Body fat percentage (UKB data field 23099) || id:ebi-a-GCST90013975,Hidradenitis suppurativa || id:finn-b-L12_HIDRADENITISSUP,ebi-a-GCST90013975,finn-b-L12_HIDRADENITISSUP,rs113019802,0.1505,1.985396694,0.347472361,1.10E-08,32.6,0.005190841
32,Body fat percentage (UKB data field 23099) || id:ebi-a-GCST90013975,Hidradenitis suppurativa || id:finn-b-L12_HIDRADENITISSUP,ebi-a-GCST90013975,finn-b-L12_HIDRADENITISSUP,rs113230003,0.2112,1.977185461,0.347662127,1.29E-08,32.3,0.007447259
33,Body fat percentage (UKB data field 23099) || id:ebi-a-GCST90013975,Hidradenitis suppurativa || id:finn-b-L12_HIDRADENITISSUP,ebi-a-GCST90013975,finn-b-L12_HIDRADENITISSUP,rs114964326,0.01416,1.978773517,0.34722235,1.21E-08,32.5,0.002027583
34,Body fat percentage (UKB data field 23099) || id:ebi-a-GCST90013975,Hidradenitis suppurativa || id:finn-b-L12_HIDRADENITISSUP,ebi-a-GCST90013975,finn-b-L12_HIDRADENITISSUP,rs11538,0.1931,1.954096826,0.346454195,1.70E-08,31.8,0.006643049
35,Body fat percentage (UKB data field 23099) || id:ebi-a-GCST90013975,Hidradenitis suppurativa || id:finn-b-L12_HIDRADENITISSUP,ebi-a-GCST90013975,finn-b-L12_HIDRADENITISSUP,rs11635906,0.2985,1.98266577,0.347553228,1.17E-08,32.5,0.005757614
36,Body fat percentage (UKB data field 23099) || id:ebi-a-GCST90013975,Hidradenitis suppurativa || id:finn-b-L12_HIDRADENITISSUP,ebi-a-GCST90013975,finn-b-L12_HIDRADENITISSUP,rs117068593,0.1424,1.965507408,0.347037909,1.48E-08,32.1,0.005375482
37,Body fat percentage (UKB data field 23099) || id:ebi-a-GCST90013975,Hidradenitis suppurativa || id:finn-b-L12_HIDRADENITISSUP,ebi-a-GCST90013975,finn-b-L12_HIDRADENITISSUP,rs11775287,0.5235,1.972573751,0.347280885,1.35E-08,32.3,0.004510631
38,Body fat percentage (UKB data field 23099) || id:ebi-a-GCST90013975,Hidradenitis suppurativa || id:finn-b-L12_HIDRADENITISSUP,ebi-a-GCST90013975,finn-b-L12_HIDRADENITISSUP,rs11781222,0.09105,1.98949794,0.347252287,1.01E-08,32.8,0.00424971
39,Body fat percentage (UKB data field 23099) || id:ebi-a-GCST90013975,Hidradenitis suppurativa || id:finn-b-L12_HIDRADENITISSUP,ebi-a-GCST90013975,finn-b-L12_HIDRADENITISSUP,rs11782074,0.3591,1.993379261,0.34705583,9.26E-09,33,0.004176891
40,Body fat percentage (UKB data field 23099) || id:ebi-a-GCST90013975,Hidradenitis suppurativa || id:finn-b-L12_HIDRADENITISSUP,ebi-a-GCST90013975,finn-b-L12_HIDRADENITISSUP,rs1182143,0.3362,2.006499908,0.346479061,6.99E-09,33.5,0.006160382
41,Body fat percentage (UKB data field 23099) || id:ebi-a-GCST90013975,Hidradenitis suppurativa || id:finn-b-L12_HIDRADENITISSUP,ebi-a-GCST90013975,finn-b-L12_HIDRADENITISSUP,rs11907932,0.2786,1.972650026,0.347652867,1.39E-08,32.2,0.008140746
42,Body fat percentage (UKB data field 23099) || id:ebi-a-GCST90013975,Hidradenitis suppurativa || id:finn-b-L12_HIDRADENITISSUP,ebi-a-GCST90013975,finn-b-L12_HIDRADENITISSUP,rs11917587,0.4142,2.01048027,0.346599385,6.61E-09,33.6,0.00799556
43,Body fat percentage (UKB data field 23099) || id:ebi-a-GCST90013975,Hidradenitis suppurativa || id:finn-b-L12_HIDRADENITISSUP,ebi-a-GCST90013975,finn-b-L12_HIDRADENITISSUP,rs12039708,0.2783,2.000371684,0.347752334,8.80E-09,33.1,0.012195668
44,Body fat percentage (UKB data field 23099) || id:ebi-a-GCST90013975,Hidradenitis suppurativa || id:finn-b-L12_HIDRADENITISSUP,ebi-a-GCST90013975,finn-b-L12_HIDRADENITISSUP,rs12042959,0.159,2.004964376,0.346455932,7.16E-09,33.5,0.00554082
45,Body fat percentage (UKB data field 23099) || id:ebi-a-GCST90013975,Hidradenitis suppurativa || id:finn-b-L12_HIDRADENITISSUP,ebi-a-GCST90013975,finn-b-L12_HIDRADENITISSUP,rs12130231,0.5971,1.940596823,0.347794164,2.41E-08,31.1,0.019678078
46,Body fat percentage (UKB data field 23099) || id:ebi-a-GCST90013975,Hidradenitis suppurativa || id:finn-b-L12_HIDRADENITISSUP,ebi-a-GCST90013975,finn-b-L12_HIDRADENITISSUP,rs12144626,0.6179,1.965276433,0.347187163,1.51E-08,32,0.006331146
47,Body fat percentage (UKB data field 23099) || id:ebi-a-GCST90013975,Hidradenitis suppurativa || id:finn-b-L12_HIDRADENITISSUP,ebi-a-GCST90013975,finn-b-L12_HIDRADENITISSUP,rs1218822,0.667,1.978103057,0.347578569,1.26E-08,32.4,0.006217784
48,Body fat percentage (UKB data field 23099) || id:ebi-a-GCST90013975,Hidradenitis suppurativa || id:finn-b-L12_HIDRADENITISSUP,ebi-a-GCST90013975,finn-b-L12_HIDRADENITISSUP,rs1229984,0.9946,1.988030197,0.346764417,9.86E-09,32.9,0.001218655
49,Body fat percentage (UKB data field 23099) || id:ebi-a-GCST90013975,Hidradenitis suppurativa || id:finn-b-L12_HIDRADENITISSUP,ebi-a-GCST90013975,finn-b-L12_HIDRADENITISSUP,rs12339822,0.5178,1.996736765,0.347283176,8.95E-09,33.1,0.006954945
50,Body fat percentage (UKB data field 23099) || id:ebi-a-GCST90013975,Hidradenitis suppurativa || id:finn-b-L12_HIDRADENITISSUP,ebi-a-GCST90013975,finn-b-L12_HIDRADENITISSUP,rs12359819,0.2705,2.024631601,0.34610391,4.92E-09,34.2,0.010798983
51,Body fat percentage (UKB data field 23099) || id:ebi-a-GCST90013975,Hidradenitis suppurativa || id:finn-b-L12_HIDRADENITISSUP,ebi-a-GCST90013975,finn-b-L12_HIDRADENITISSUP,rs12367809,0.3834,1.975526289,0.348619034,1.46E-08,32.1,0.01937376
52,Body fat percentage (UKB data field 23099) || id:ebi-a-GCST90013975,Hidradenitis suppurativa || id:finn-b-L12_HIDRADENITISSUP,ebi-a-GCST90013975,finn-b-L12_HIDRADENITISSUP,rs12375196,0.4659,1.961053161,0.346664132,1.54E-08,32,0.005079893
53,Body fat percentage (UKB data field 23099) || id:ebi-a-GCST90013975,Hidradenitis suppurativa || id:finn-b-L12_HIDRADENITISSUP,ebi-a-GCST90013975,finn-b-L12_HIDRADENITISSUP,rs12517187,0.4941,1.995915156,0.346891934,8.73E-09,33.1,0.004244041
54,Body fat percentage (UKB data field 23099) || id:ebi-a-GCST90013975,Hidradenitis suppurativa || id:finn-b-L12_HIDRADENITISSUP,ebi-a-GCST90013975,finn-b-L12_HIDRADENITISSUP,rs12538435,0.3149,1.976560995,0.347550998,1.29E-08,32.3,0.006196696
55,Body fat percentage (UKB data field 23099) || id:ebi-a-GCST90013975,Hidradenitis suppurativa || id:finn-b-L12_HIDRADENITISSUP,ebi-a-GCST90013975,finn-b-L12_HIDRADENITISSUP,rs12619178,0.4073,2.005446574,0.347111419,7.58E-09,33.4,0.008902953
56,Body fat percentage (UKB data field 23099) || id:ebi-a-GCST90013975,Hidradenitis suppurativa || id:finn-b-L12_HIDRADENITISSUP,ebi-a-GCST90013975,finn-b-L12_HIDRADENITISSUP,rs12787028,0.4022,1.965147855,0.34678683,1.46E-08,32.1,0.004187512
57,Body fat percentage (UKB data field 23099) || id:ebi-a-GCST90013975,Hidradenitis suppurativa || id:finn-b-L12_HIDRADENITISSUP,ebi-a-GCST90013975,finn-b-L12_HIDRADENITISSUP,rs1283032,0.5299,1.986667522,0.347568425,1.09E-08,32.7,0.006550979
58,Body fat percentage (UKB data field 23099) || id:ebi-a-GCST90013975,Hidradenitis suppurativa || id:finn-b-L12_HIDRADENITISSUP,ebi-a-GCST90013975,finn-b-L12_HIDRADENITISSUP,rs12890931,0.4438,1.998672151,0.347010656,8.43E-09,33.2,0.005856412
59,Body fat percentage (UKB data field 23099) || id:ebi-a-GCST90013975,Hidradenitis suppurativa || id:finn-b-L12_HIDRADENITISSUP,ebi-a-GCST90013975,finn-b-L12_HIDRADENITISSUP,rs12932141,0.2963,1.967848912,0.347027484,1.42E-08,32.2,0.004422713
60,Body fat percentage (UKB data field 23099) || id:ebi-a-GCST90013975,Hidradenitis suppurativa || id:finn-b-L12_HIDRADENITISSUP,ebi-a-GCST90013975,finn-b-L12_HIDRADENITISSUP,rs13015202,0.3163,1.96093686,0.347379636,1.65E-08,31.9,0.00935053
61,Body fat percentage (UKB data field 23099) || id:ebi-a-GCST90013975,Hidradenitis suppurativa || id:finn-b-L12_HIDRADENITISSUP,ebi-a-GCST90013975,finn-b-L12_HIDRADENITISSUP,rs13028310,0.8372,1.940356204,0.34797559,2.46E-08,31.1,0.021500117
62,Body fat percentage (UKB data field 23099) || id:ebi-a-GCST90013975,Hidradenitis suppurativa || id:finn-b-L12_HIDRADENITISSUP,ebi-a-GCST90013975,finn-b-L12_HIDRADENITISSUP,rs13079866,0.1176,1.988301029,0.347413862,1.05E-08,32.8,0.005308322
63,Body fat percentage (UKB data field 23099) || id:ebi-a-GCST90013975,Hidradenitis suppurativa || id:finn-b-L12_HIDRADENITISSUP,ebi-a-GCST90013975,finn-b-L12_HIDRADENITISSUP,rs13107325,0.01407,1.980563549,0.347326317,1.18E-08,32.5,0.00299717
64,Body fat percentage (UKB data field 23099) || id:ebi-a-GCST90013975,Hidradenitis suppurativa || id:finn-b-L12_HIDRADENITISSUP,ebi-a-GCST90013975,finn-b-L12_HIDRADENITISSUP,rs1322842,0.6158,1.960886458,0.346841036,1.57E-08,32,0.005968801
65,Body fat percentage (UKB data field 23099) || id:ebi-a-GCST90013975,Hidradenitis suppurativa || id:finn-b-L12_HIDRADENITISSUP,ebi-a-GCST90013975,finn-b-L12_HIDRADENITISSUP,rs13243033,0.7987,1.977459723,0.34769725,1.29E-08,32.3,0.007816576
66,Body fat percentage (UKB data field 23099) || id:ebi-a-GCST90013975,Hidradenitis suppurativa || id:finn-b-L12_HIDRADENITISSUP,ebi-a-GCST90013975,finn-b-L12_HIDRADENITISSUP,rs13249935,0.3474,1.981512723,0.347403299,1.17E-08,32.5,0.003883482
67,Body fat percentage (UKB data field 23099) || id:ebi-a-GCST90013975,Hidradenitis suppurativa || id:finn-b-L12_HIDRADENITISSUP,ebi-a-GCST90013975,finn-b-L12_HIDRADENITISSUP,rs13389219,0.3478,1.969224333,0.348089989,1.54E-08,32,0.013811367
68,Body fat percentage (UKB data field 23099) || id:ebi-a-GCST90013975,Hidradenitis suppurativa || id:finn-b-L12_HIDRADENITISSUP,ebi-a-GCST90013975,finn-b-L12_HIDRADENITISSUP,rs1361108,0.4423,1.967942038,0.347402982,1.47E-08,32.1,0.00704103
69,Body fat percentage (UKB data field 23099) || id:ebi-a-GCST90013975,Hidradenitis suppurativa || id:finn-b-L12_HIDRADENITISSUP,ebi-a-GCST90013975,finn-b-L12_HIDRADENITISSUP,rs1415476,0.9538,2.002366895,0.346616333,7.61E-09,33.4,0.005299402
70,Body fat percentage (UKB data field 23099) || id:ebi-a-GCST90013975,Hidradenitis suppurativa || id:finn-b-L12_HIDRADENITISSUP,ebi-a-GCST90013975,finn-b-L12_HIDRADENITISSUP,rs1436348,0.6338,1.966353428,0.34710551,1.47E-08,32.1,0.005448818
71,Body fat percentage (UKB data field 23099) || id:ebi-a-GCST90013975,Hidradenitis suppurativa || id:finn-b-L12_HIDRADENITISSUP,ebi-a-GCST90013975,finn-b-L12_HIDRADENITISSUP,rs1441264,0.6704,1.972185975,0.347435533,1.38E-08,32.2,0.006060204
72,Body fat percentage (UKB data field 23099) || id:ebi-a-GCST90013975,Hidradenitis suppurativa || id:finn-b-L12_HIDRADENITISSUP,ebi-a-GCST90013975,finn-b-L12_HIDRADENITISSUP,rs147860177,0.2011,1.984076036,0.347407078,1.12E-08,32.6,0.004201377
73,Body fat percentage (UKB data field 23099) || id:ebi-a-GCST90013975,Hidradenitis suppurativa || id:finn-b-L12_HIDRADENITISSUP,ebi-a-GCST90013975,finn-b-L12_HIDRADENITISSUP,rs1491702,0.2673,1.995034754,0.347028882,8.98E-09,33,0.004608318
74,Body fat percentage (UKB data field 23099) || id:ebi-a-GCST90013975,Hidradenitis suppurativa || id:finn-b-L12_HIDRADENITISSUP,ebi-a-GCST90013975,finn-b-L12_HIDRADENITISSUP,rs150439302,0.02392,1.976735888,0.3477632,1.31E-08,32.3,0.008613239
75,Body fat percentage (UKB data field 23099) || id:ebi-a-GCST90013975,Hidradenitis suppurativa || id:finn-b-L12_HIDRADENITISSUP,ebi-a-GCST90013975,finn-b-L12_HIDRADENITISSUP,rs1526573,0.7738,1.987416041,0.347240352,1.04E-08,32.8,0.003403477
76,Body fat percentage (UKB data field 23099) || id:ebi-a-GCST90013975,Hidradenitis suppurativa || id:finn-b-L12_HIDRADENITISSUP,ebi-a-GCST90013975,finn-b-L12_HIDRADENITISSUP,rs1552284,0.5556,1.985742113,0.347447191,1.10E-08,32.7,0.004971512
77,Body fat percentage (UKB data field 23099) || id:ebi-a-GCST90013975,Hidradenitis suppurativa || id:finn-b-L12_HIDRADENITISSUP,ebi-a-GCST90013975,finn-b-L12_HIDRADENITISSUP,rs16873050,0.2796,2.019742848,0.345158589,4.87E-09,34.2,0.006411253
78,Body fat percentage (UKB data field 23099) || id:ebi-a-GCST90013975,Hidradenitis suppurativa || id:finn-b-L12_HIDRADENITISSUP,ebi-a-GCST90013975,finn-b-L12_HIDRADENITISSUP,rs16916303,0.1293,1.978020849,0.347502685,1.25E-08,32.4,0.005412194
79,Body fat percentage (UKB data field 23099) || id:ebi-a-GCST90013975,Hidradenitis suppurativa || id:finn-b-L12_HIDRADENITISSUP,ebi-a-GCST90013975,finn-b-L12_HIDRADENITISSUP,rs16934748,0.1578,1.954474816,0.345965419,1.61E-08,31.9,0.00494553
80,Body fat percentage (UKB data field 23099) || id:ebi-a-GCST90013975,Hidradenitis suppurativa || id:finn-b-L12_HIDRADENITISSUP,ebi-a-GCST90013975,finn-b-L12_HIDRADENITISSUP,rs16951304,0.1274,1.968485575,0.347693236,1.50E-08,32.1,0.009686055
81,Body fat percentage (UKB data field 23099) || id:ebi-a-GCST90013975,Hidradenitis suppurativa || id:finn-b-L12_HIDRADENITISSUP,ebi-a-GCST90013975,finn-b-L12_HIDRADENITISSUP,rs16996657,0.2109,1.980692262,0.347578789,1.21E-08,32.5,0.006007332
82,Body fat percentage (UKB data field 23099) || id:ebi-a-GCST90013975,Hidradenitis suppurativa || id:finn-b-L12_HIDRADENITISSUP,ebi-a-GCST90013975,finn-b-L12_HIDRADENITISSUP,rs17522122,0.4531,1.974161109,0.347550295,1.35E-08,32.3,0.006754392
83,Body fat percentage (UKB data field 23099) || id:ebi-a-GCST90013975,Hidradenitis suppurativa || id:finn-b-L12_HIDRADENITISSUP,ebi-a-GCST90013975,finn-b-L12_HIDRADENITISSUP,rs17639546,0.1385,1.975241872,0.347427266,1.31E-08,32.3,0.005030677
84,Body fat percentage (UKB data field 23099) || id:ebi-a-GCST90013975,Hidradenitis suppurativa || id:finn-b-L12_HIDRADENITISSUP,ebi-a-GCST90013975,finn-b-L12_HIDRADENITISSUP,rs17770336,0.3745,1.964700209,0.347655723,1.59E-08,31.9,0.010375763
85,Body fat percentage (UKB data field 23099) || id:ebi-a-GCST90013975,Hidradenitis suppurativa || id:finn-b-L12_HIDRADENITISSUP,ebi-a-GCST90013975,finn-b-L12_HIDRADENITISSUP,rs1808629,0.7167,1.901143258,0.341889804,2.69E-08,30.9,0.011178006
86,Body fat percentage (UKB data field 23099) || id:ebi-a-GCST90013975,Hidradenitis suppurativa || id:finn-b-L12_HIDRADENITISSUP,ebi-a-GCST90013975,finn-b-L12_HIDRADENITISSUP,rs1849223,0.2958,1.984956734,0.347389271,1.10E-08,32.6,0.004129939
87,Body fat percentage (UKB data field 23099) || id:ebi-a-GCST90013975,Hidradenitis suppurativa || id:finn-b-L12_HIDRADENITISSUP,ebi-a-GCST90013975,finn-b-L12_HIDRADENITISSUP,rs188955288,0.1642,1.947991468,0.34591919,1.79E-08,31.7,0.006817041
88,Body fat percentage (UKB data field 23099) || id:ebi-a-GCST90013975,Hidradenitis suppurativa || id:finn-b-L12_HIDRADENITISSUP,ebi-a-GCST90013975,finn-b-L12_HIDRADENITISSUP,rs1916039,0.1909,1.9821184,0.347384454,1.16E-08,32.6,0.00365447
89,Body fat percentage (UKB data field 23099) || id:ebi-a-GCST90013975,Hidradenitis suppurativa || id:finn-b-L12_HIDRADENITISSUP,ebi-a-GCST90013975,finn-b-L12_HIDRADENITISSUP,rs1970341,0.03194,1.982881981,0.347267422,1.13E-08,32.6,0.002337919
90,Body fat percentage (UKB data field 23099) || id:ebi-a-GCST90013975,Hidradenitis suppurativa || id:finn-b-L12_HIDRADENITISSUP,ebi-a-GCST90013975,finn-b-L12_HIDRADENITISSUP,rs200119412,0.5281,1.985438887,0.347966565,1.16E-08,32.6,0.011056678
91,Body fat percentage (UKB data field 23099) || id:ebi-a-GCST90013975,Hidradenitis suppurativa || id:finn-b-L12_HIDRADENITISSUP,ebi-a-GCST90013975,finn-b-L12_HIDRADENITISSUP,rs2002023,0.4584,1.983152589,0.347534583,1.15E-08,32.6,0.005583428
92,Body fat percentage (UKB data field 23099) || id:ebi-a-GCST90013975,Hidradenitis suppurativa || id:finn-b-L12_HIDRADENITISSUP,ebi-a-GCST90013975,finn-b-L12_HIDRADENITISSUP,rs2003476,0.4947,1.996256395,0.347443994,9.16E-09,33,0.008068293
93,Body fat percentage (UKB data field 23099) || id:ebi-a-GCST90013975,Hidradenitis suppurativa || id:finn-b-L12_HIDRADENITISSUP,ebi-a-GCST90013975,finn-b-L12_HIDRADENITISSUP,rs2026752,0.6691,1.977536755,0.347618082,1.28E-08,32.4,0.006875474
94,Body fat percentage (UKB data field 23099) || id:ebi-a-GCST90013975,Hidradenitis suppurativa || id:finn-b-L12_HIDRADENITISSUP,ebi-a-GCST90013975,finn-b-L12_HIDRADENITISSUP,rs2052607,0.406,2.02461198,0.345702105,4.73E-09,34.3,0.009376537
95,Body fat percentage (UKB data field 23099) || id:ebi-a-GCST90013975,Hidradenitis suppurativa || id:finn-b-L12_HIDRADENITISSUP,ebi-a-GCST90013975,finn-b-L12_HIDRADENITISSUP,rs2062506,0.7941,1.994526984,0.347783248,9.75E-09,32.9,0.010827964
96,Body fat percentage (UKB data field 23099) || id:ebi-a-GCST90013975,Hidradenitis suppurativa || id:finn-b-L12_HIDRADENITISSUP,ebi-a-GCST90013975,finn-b-L12_HIDRADENITISSUP,rs2108635,0.3992,1.985988668,0.347468498,1.09E-08,32.7,0.00524774
97,Body fat percentage (UKB data field 23099) || id:ebi-a-GCST90013975,Hidradenitis suppurativa || id:finn-b-L12_HIDRADENITISSUP,ebi-a-GCST90013975,finn-b-L12_HIDRADENITISSUP,rs2111281,0.3682,1.954401201,0.346411755,1.68E-08,31.8,0.006425977
98,Body fat percentage (UKB data field 23099) || id:ebi-a-GCST90013975,Hidradenitis suppurativa || id:finn-b-L12_HIDRADENITISSUP,ebi-a-GCST90013975,finn-b-L12_HIDRADENITISSUP,rs2129475,0.6208,1.997975743,0.346916787,8.45E-09,33.2,0.005126862
99,Body fat percentage (UKB data field 23099) || id:ebi-a-GCST90013975,Hidradenitis suppurativa || id:finn-b-L12_HIDRADENITISSUP,ebi-a-GCST90013975,finn-b-L12_HIDRADENITISSUP,rs2135877,0.3346,1.967756427,0.34861613,1.66E-08,31.9,0.020132988
100,Body fat percentage (UKB data field 23099) || id:ebi-a-GCST90013975,Hidradenitis suppurativa || id:finn-b-L12_HIDRADENITISSUP,ebi-a-GCST90013975,finn-b-L12_HIDRADENITISSUP,rs2164840,0.6443,1.975954691,0.347416354,1.29E-08,32.3,0.004734378
101,Body fat percentage (UKB data field 23099) || id:ebi-a-GCST90013975,Hidradenitis suppurativa || id:finn-b-L12_HIDRADENITISSUP,ebi-a-GCST90013975,finn-b-L12_HIDRADENITISSUP,rs2172131,0.514,1.993869795,0.347303594,9.41E-09,33,0.00610332
102,Body fat percentage (UKB data field 23099) || id:ebi-a-GCST90013975,Hidradenitis suppurativa || id:finn-b-L12_HIDRADENITISSUP,ebi-a-GCST90013975,finn-b-L12_HIDRADENITISSUP,rs2176040,0.639,2.001087684,0.347683451,8.64E-09,33.1,0.011754141
103,Body fat percentage (UKB data field 23099) || id:ebi-a-GCST90013975,Hidradenitis suppurativa || id:finn-b-L12_HIDRADENITISSUP,ebi-a-GCST90013975,finn-b-L12_HIDRADENITISSUP,rs2192527,0.3762,1.98246782,0.347858993,1.20E-08,32.5,0.00957313
104,Body fat percentage (UKB data field 23099) || id:ebi-a-GCST90013975,Hidradenitis suppurativa || id:finn-b-L12_HIDRADENITISSUP,ebi-a-GCST90013975,finn-b-L12_HIDRADENITISSUP,rs2198557,0.2596,1.96428392,0.346588073,1.45E-08,32.1,0.003748122
105,Body fat percentage (UKB data field 23099) || id:ebi-a-GCST90013975,Hidradenitis suppurativa || id:finn-b-L12_HIDRADENITISSUP,ebi-a-GCST90013975,finn-b-L12_HIDRADENITISSUP,rs2289379,0.5153,1.9979595,0.347114964,8.62E-09,33.1,0.006284379
106,Body fat percentage (UKB data field 23099) || id:ebi-a-GCST90013975,Hidradenitis suppurativa || id:finn-b-L12_HIDRADENITISSUP,ebi-a-GCST90013975,finn-b-L12_HIDRADENITISSUP,rs2303223,0.3843,1.980891448,0.347920789,1.24E-08,32.4,0.010291876
107,Body fat percentage (UKB data field 23099) || id:ebi-a-GCST90013975,Hidradenitis suppurativa || id:finn-b-L12_HIDRADENITISSUP,ebi-a-GCST90013975,finn-b-L12_HIDRADENITISSUP,rs2306593,0.5032,1.971971353,0.347436118,1.38E-08,32.2,0.006088643
108,Body fat percentage (UKB data field 23099) || id:ebi-a-GCST90013975,Hidradenitis suppurativa || id:finn-b-L12_HIDRADENITISSUP,ebi-a-GCST90013975,finn-b-L12_HIDRADENITISSUP,rs2306937,0.3528,1.964067779,0.347646061,1.61E-08,31.9,0.010534814
109,Body fat percentage (UKB data field 23099) || id:ebi-a-GCST90013975,Hidradenitis suppurativa || id:finn-b-L12_HIDRADENITISSUP,ebi-a-GCST90013975,finn-b-L12_HIDRADENITISSUP,rs236660,0.485,1.999399507,0.347513003,8.74E-09,33.1,0.009763784
110,Body fat percentage (UKB data field 23099) || id:ebi-a-GCST90013975,Hidradenitis suppurativa || id:finn-b-L12_HIDRADENITISSUP,ebi-a-GCST90013975,finn-b-L12_HIDRADENITISSUP,rs2388334,0.4805,2.006289987,0.347588468,7.83E-09,33.3,0.012707149
111,Body fat percentage (UKB data field 23099) || id:ebi-a-GCST90013975,Hidradenitis suppurativa || id:finn-b-L12_HIDRADENITISSUP,ebi-a-GCST90013975,finn-b-L12_HIDRADENITISSUP,rs241472,0.6219,2.018585395,0.346115541,5.47E-09,34,0.00873891
112,Body fat percentage (UKB data field 23099) || id:ebi-a-GCST90013975,Hidradenitis suppurativa || id:finn-b-L12_HIDRADENITISSUP,ebi-a-GCST90013975,finn-b-L12_HIDRADENITISSUP,rs2428362,0.6042,1.97277293,0.347199637,1.33E-08,32.3,0.003742778
113,Body fat percentage (UKB data field 23099) || id:ebi-a-GCST90013975,Hidradenitis suppurativa || id:finn-b-L12_HIDRADENITISSUP,ebi-a-GCST90013975,finn-b-L12_HIDRADENITISSUP,rs245775,0.6754,2.000196399,0.347301496,8.45E-09,33.2,0.008327964
114,Body fat percentage (UKB data field 23099) || id:ebi-a-GCST90013975,Hidradenitis suppurativa || id:finn-b-L12_HIDRADENITISSUP,ebi-a-GCST90013975,finn-b-L12_HIDRADENITISSUP,rs2460,0.1757,1.990550749,0.34709295,9.76E-09,32.9,0.003454649
115,Body fat percentage (UKB data field 23099) || id:ebi-a-GCST90013975,Hidradenitis suppurativa || id:finn-b-L12_HIDRADENITISSUP,ebi-a-GCST90013975,finn-b-L12_HIDRADENITISSUP,rs2481899,0.4852,1.952817736,0.345331415,1.56E-08,32,0.00409776
116,Body fat percentage (UKB data field 23099) || id:ebi-a-GCST90013975,Hidradenitis suppurativa || id:finn-b-L12_HIDRADENITISSUP,ebi-a-GCST90013975,finn-b-L12_HIDRADENITISSUP,rs252749,0.1858,1.973048776,0.347149468,1.32E-08,32.3,0.003310321
117,Body fat percentage (UKB data field 23099) || id:ebi-a-GCST90013975,Hidradenitis suppurativa || id:finn-b-L12_HIDRADENITISSUP,ebi-a-GCST90013975,finn-b-L12_HIDRADENITISSUP,rs2620829,0.3116,1.98983314,0.347347304,1.01E-08,32.8,0.005057315
118,Body fat percentage (UKB data field 23099) || id:ebi-a-GCST90013975,Hidradenitis suppurativa || id:finn-b-L12_HIDRADENITISSUP,ebi-a-GCST90013975,finn-b-L12_HIDRADENITISSUP,rs262956,0.5525,1.989889617,0.347331661,1.01E-08,32.8,0.005012354
119,Body fat percentage (UKB data field 23099) || id:ebi-a-GCST90013975,Hidradenitis suppurativa || id:finn-b-L12_HIDRADENITISSUP,ebi-a-GCST90013975,finn-b-L12_HIDRADENITISSUP,rs2678204,0.2962,2.001655331,0.347093698,8.07E-09,33.3,0.007440784
120,Body fat percentage (UKB data field 23099) || id:ebi-a-GCST90013975,Hidradenitis suppurativa || id:finn-b-L12_HIDRADENITISSUP,ebi-a-GCST90013975,finn-b-L12_HIDRADENITISSUP,rs2723615,0.4609,1.997642635,0.346706195,8.32E-09,33.2,0.004024992
121,Body fat percentage (UKB data field 23099) || id:ebi-a-GCST90013975,Hidradenitis suppurativa || id:finn-b-L12_HIDRADENITISSUP,ebi-a-GCST90013975,finn-b-L12_HIDRADENITISSUP,rs2789520,0.369,1.994231643,0.346872688,8.97E-09,33.1,0.003589927
122,Body fat percentage (UKB data field 23099) || id:ebi-a-GCST90013975,Hidradenitis suppurativa || id:finn-b-L12_HIDRADENITISSUP,ebi-a-GCST90013975,finn-b-L12_HIDRADENITISSUP,rs2798297,0.2836,1.993925519,0.347126764,9.24E-09,33,0.004893435
123,Body fat percentage (UKB data field 23099) || id:ebi-a-GCST90013975,Hidradenitis suppurativa || id:finn-b-L12_HIDRADENITISSUP,ebi-a-GCST90013975,finn-b-L12_HIDRADENITISSUP,rs2802774,0.5349,1.954435367,0.346393911,1.68E-08,31.8,0.006293488
124,Body fat percentage (UKB data field 23099) || id:ebi-a-GCST90013975,Hidradenitis suppurativa || id:finn-b-L12_HIDRADENITISSUP,ebi-a-GCST90013975,finn-b-L12_HIDRADENITISSUP,rs2815764,0.8603,1.958179051,0.347325248,1.72E-08,31.8,0.009863691
125,Body fat percentage (UKB data field 23099) || id:ebi-a-GCST90013975,Hidradenitis suppurativa || id:finn-b-L12_HIDRADENITISSUP,ebi-a-GCST90013975,finn-b-L12_HIDRADENITISSUP,rs281826,0.597,2.004121295,0.346088328,7.01E-09,33.5,0.00417197
126,Body fat percentage (UKB data field 23099) || id:ebi-a-GCST90013975,Hidradenitis suppurativa || id:finn-b-L12_HIDRADENITISSUP,ebi-a-GCST90013975,finn-b-L12_HIDRADENITISSUP,rs28366151,0.05703,2.00289413,0.346492573,7.45E-09,33.4,0.005005602
127,Body fat percentage (UKB data field 23099) || id:ebi-a-GCST90013975,Hidradenitis suppurativa || id:finn-b-L12_HIDRADENITISSUP,ebi-a-GCST90013975,finn-b-L12_HIDRADENITISSUP,rs2855818,0.2624,1.988797908,0.34789488,1.09E-08,32.7,0.010589367
128,Body fat percentage (UKB data field 23099) || id:ebi-a-GCST90013975,Hidradenitis suppurativa || id:finn-b-L12_HIDRADENITISSUP,ebi-a-GCST90013975,finn-b-L12_HIDRADENITISSUP,rs28714450,0.5932,1.986905249,0.347241858,1.05E-08,32.7,0.005682869
129,Body fat percentage (UKB data field 23099) || id:ebi-a-GCST90013975,Hidradenitis suppurativa || id:finn-b-L12_HIDRADENITISSUP,ebi-a-GCST90013975,finn-b-L12_HIDRADENITISSUP,rs2963457,0.8203,1.978119574,0.347626843,1.27E-08,32.4,0.006939285
130,Body fat percentage (UKB data field 23099) || id:ebi-a-GCST90013975,Hidradenitis suppurativa || id:finn-b-L12_HIDRADENITISSUP,ebi-a-GCST90013975,finn-b-L12_HIDRADENITISSUP,rs2966859,0.7853,1.971860459,0.347200624,1.35E-08,32.3,0.004163726
131,Body fat percentage (UKB data field 23099) || id:ebi-a-GCST90013975,Hidradenitis suppurativa || id:finn-b-L12_HIDRADENITISSUP,ebi-a-GCST90013975,finn-b-L12_HIDRADENITISSUP,rs2980888,0.7407,1.975068193,0.347387341,1.30E-08,32.3,0.004651741
132,Body fat percentage (UKB data field 23099) || id:ebi-a-GCST90013975,Hidradenitis suppurativa || id:finn-b-L12_HIDRADENITISSUP,ebi-a-GCST90013975,finn-b-L12_HIDRADENITISSUP,rs301806,0.6544,2.009818151,0.345680629,6.10E-09,33.8,0.00484669
133,Body fat percentage (UKB data field 23099) || id:ebi-a-GCST90013975,Hidradenitis suppurativa || id:finn-b-L12_HIDRADENITISSUP,ebi-a-GCST90013975,finn-b-L12_HIDRADENITISSUP,rs3113509,0.7178,1.960271569,0.346448015,1.53E-08,32,0.004537239
134,Body fat percentage (UKB data field 23099) || id:ebi-a-GCST90013975,Hidradenitis suppurativa || id:finn-b-L12_HIDRADENITISSUP,ebi-a-GCST90013975,finn-b-L12_HIDRADENITISSUP,rs314288,0.8762,1.992635673,0.34722359,9.54E-09,32.9,0.005043325
135,Body fat percentage (UKB data field 23099) || id:ebi-a-GCST90013975,Hidradenitis suppurativa || id:finn-b-L12_HIDRADENITISSUP,ebi-a-GCST90013975,finn-b-L12_HIDRADENITISSUP,rs324014,0.5011,1.99459874,0.346929267,8.96E-09,33.1,0.004016435
136,Body fat percentage (UKB data field 23099) || id:ebi-a-GCST90013975,Hidradenitis suppurativa || id:finn-b-L12_HIDRADENITISSUP,ebi-a-GCST90013975,finn-b-L12_HIDRADENITISSUP,rs33503,0.8077,1.994186574,0.347114254,9.19E-09,33,0.004911333
137,Body fat percentage (UKB data field 23099) || id:ebi-a-GCST90013975,Hidradenitis suppurativa || id:finn-b-L12_HIDRADENITISSUP,ebi-a-GCST90013975,finn-b-L12_HIDRADENITISSUP,rs33836,0.4652,1.97949641,0.348216253,1.31E-08,32.3,0.014222257
138,Body fat percentage (UKB data field 23099) || id:ebi-a-GCST90013975,Hidradenitis suppurativa || id:finn-b-L12_HIDRADENITISSUP,ebi-a-GCST90013975,finn-b-L12_HIDRADENITISSUP,rs34045288,0.3766,1.949288,0.3469234,1.92E-08,31.6,0.010546455
139,Body fat percentage (UKB data field 23099) || id:ebi-a-GCST90013975,Hidradenitis suppurativa || id:finn-b-L12_HIDRADENITISSUP,ebi-a-GCST90013975,finn-b-L12_HIDRADENITISSUP,rs34117444,0.3482,1.992686255,0.347165187,9.47E-09,32.9,0.004646432
140,Body fat percentage (UKB data field 23099) || id:ebi-a-GCST90013975,Hidradenitis suppurativa || id:finn-b-L12_HIDRADENITISSUP,ebi-a-GCST90013975,finn-b-L12_HIDRADENITISSUP,rs34292685,0.1581,2.043323395,0.341386368,2.16E-09,35.8,0.006555763
141,Body fat percentage (UKB data field 23099) || id:ebi-a-GCST90013975,Hidradenitis suppurativa || id:finn-b-L12_HIDRADENITISSUP,ebi-a-GCST90013975,finn-b-L12_HIDRADENITISSUP,rs34483452,0.1211,2.018771202,0.346934936,5.92E-09,33.9,0.012702091
142,Body fat percentage (UKB data field 23099) || id:ebi-a-GCST90013975,Hidradenitis suppurativa || id:finn-b-L12_HIDRADENITISSUP,ebi-a-GCST90013975,finn-b-L12_HIDRADENITISSUP,rs34656389,0.4579,1.971975371,0.347416872,1.38E-08,32.2,0.005878379
143,Body fat percentage (UKB data field 23099) || id:ebi-a-GCST90013975,Hidradenitis suppurativa || id:finn-b-L12_HIDRADENITISSUP,ebi-a-GCST90013975,finn-b-L12_HIDRADENITISSUP,rs34769775,0.2668,1.975317726,0.347328252,1.29E-08,32.3,0.004064191
144,Body fat percentage (UKB data field 23099) || id:ebi-a-GCST90013975,Hidradenitis suppurativa || id:finn-b-L12_HIDRADENITISSUP,ebi-a-GCST90013975,finn-b-L12_HIDRADENITISSUP,rs35154152,0.05004,1.951533891,0.344731188,1.50E-08,32,0.003559084
145,Body fat percentage (UKB data field 23099) || id:ebi-a-GCST90013975,Hidradenitis suppurativa || id:finn-b-L12_HIDRADENITISSUP,ebi-a-GCST90013975,finn-b-L12_HIDRADENITISSUP,rs35344761,0.1557,1.97368422,0.347367862,1.33E-08,32.3,0.004882849
146,Body fat percentage (UKB data field 23099) || id:ebi-a-GCST90013975,Hidradenitis suppurativa || id:finn-b-L12_HIDRADENITISSUP,ebi-a-GCST90013975,finn-b-L12_HIDRADENITISSUP,rs36098649,0.2789,1.983991679,0.347390877,1.12E-08,32.6,0.003970895
147,Body fat percentage (UKB data field 23099) || id:ebi-a-GCST90013975,Hidradenitis suppurativa || id:finn-b-L12_HIDRADENITISSUP,ebi-a-GCST90013975,finn-b-L12_HIDRADENITISSUP,rs3736896,0.2609,1.984159898,0.348678138,1.27E-08,32.4,0.020304969
148,Body fat percentage (UKB data field 23099) || id:ebi-a-GCST90013975,Hidradenitis suppurativa || id:finn-b-L12_HIDRADENITISSUP,ebi-a-GCST90013975,finn-b-L12_HIDRADENITISSUP,rs3743398,0.2172,1.94223715,0.34558417,1.91E-08,31.6,0.007638137
149,Body fat percentage (UKB data field 23099) || id:ebi-a-GCST90013975,Hidradenitis suppurativa || id:finn-b-L12_HIDRADENITISSUP,ebi-a-GCST90013975,finn-b-L12_HIDRADENITISSUP,rs3749473,0.4973,1.97069362,0.347457874,1.41E-08,32.2,0.006673049
150,Body fat percentage (UKB data field 23099) || id:ebi-a-GCST90013975,Hidradenitis suppurativa || id:finn-b-L12_HIDRADENITISSUP,ebi-a-GCST90013975,finn-b-L12_HIDRADENITISSUP,rs3764002,0.3435,1.995779999,0.348158669,9.90E-09,32.9,0.015166023
151,Body fat percentage (UKB data field 23099) || id:ebi-a-GCST90013975,Hidradenitis suppurativa || id:finn-b-L12_HIDRADENITISSUP,ebi-a-GCST90013975,finn-b-L12_HIDRADENITISSUP,rs3766823,0.219,2.001308299,0.346963082,8.02E-09,33.3,0.006523884
152,Body fat percentage (UKB data field 23099) || id:ebi-a-GCST90013975,Hidradenitis suppurativa || id:finn-b-L12_HIDRADENITISSUP,ebi-a-GCST90013975,finn-b-L12_HIDRADENITISSUP,rs3771652,0.2974,1.963762476,0.346647527,1.47E-08,32.1,0.004084606
153,Body fat percentage (UKB data field 23099) || id:ebi-a-GCST90013975,Hidradenitis suppurativa || id:finn-b-L12_HIDRADENITISSUP,ebi-a-GCST90013975,finn-b-L12_HIDRADENITISSUP,rs3802851,0.3036,1.950206664,0.345457268,1.65E-08,31.9,0.004977302
154,Body fat percentage (UKB data field 23099) || id:ebi-a-GCST90013975,Hidradenitis suppurativa || id:finn-b-L12_HIDRADENITISSUP,ebi-a-GCST90013975,finn-b-L12_HIDRADENITISSUP,rs3803286,0.6626,2.024633508,0.344264305,4.08E-09,34.6,0.006032673
155,Body fat percentage (UKB data field 23099) || id:ebi-a-GCST90013975,Hidradenitis suppurativa || id:finn-b-L12_HIDRADENITISSUP,ebi-a-GCST90013975,finn-b-L12_HIDRADENITISSUP,rs3846949,0.2807,1.983642661,0.347385701,1.13E-08,32.6,0.003874837
156,Body fat percentage (UKB data field 23099) || id:ebi-a-GCST90013975,Hidradenitis suppurativa || id:finn-b-L12_HIDRADENITISSUP,ebi-a-GCST90013975,finn-b-L12_HIDRADENITISSUP,rs3911063,0.3612,1.97669627,0.3475861,1.29E-08,32.3,0.006531789
157,Body fat percentage (UKB data field 23099) || id:ebi-a-GCST90013975,Hidradenitis suppurativa || id:finn-b-L12_HIDRADENITISSUP,ebi-a-GCST90013975,finn-b-L12_HIDRADENITISSUP,rs394608,0.5658,1.986714698,0.347686659,1.10E-08,32.7,0.007916974
158,Body fat percentage (UKB data field 23099) || id:ebi-a-GCST90013975,Hidradenitis suppurativa || id:finn-b-L12_HIDRADENITISSUP,ebi-a-GCST90013975,finn-b-L12_HIDRADENITISSUP,rs40067,0.2096,1.952902019,0.346723843,1.78E-08,31.7,0.008200003
159,Body fat percentage (UKB data field 23099) || id:ebi-a-GCST90013975,Hidradenitis suppurativa || id:finn-b-L12_HIDRADENITISSUP,ebi-a-GCST90013975,finn-b-L12_HIDRADENITISSUP,rs4073582,0.3314,1.967454705,0.347565326,1.51E-08,32,0.008736152
160,Body fat percentage (UKB data field 23099) || id:ebi-a-GCST90013975,Hidradenitis suppurativa || id:finn-b-L12_HIDRADENITISSUP,ebi-a-GCST90013975,finn-b-L12_HIDRADENITISSUP,rs41279738,0.05666,1.998580323,0.348610147,9.87E-09,32.9,0.020439123
161,Body fat percentage (UKB data field 23099) || id:ebi-a-GCST90013975,Hidradenitis suppurativa || id:finn-b-L12_HIDRADENITISSUP,ebi-a-GCST90013975,finn-b-L12_HIDRADENITISSUP,rs41310284,0.08524,1.956387946,0.346465404,1.64E-08,31.9,0.005961724
162,Body fat percentage (UKB data field 23099) || id:ebi-a-GCST90013975,Hidradenitis suppurativa || id:finn-b-L12_HIDRADENITISSUP,ebi-a-GCST90013975,finn-b-L12_HIDRADENITISSUP,rs429358,0.1826,1.947671222,0.34673255,1.94E-08,31.6,0.010152807
163,Body fat percentage (UKB data field 23099) || id:ebi-a-GCST90013975,Hidradenitis suppurativa || id:finn-b-L12_HIDRADENITISSUP,ebi-a-GCST90013975,finn-b-L12_HIDRADENITISSUP,rs441792,0.5403,1.992314477,0.347376959,9.73E-09,32.9,0.006182724
164,Body fat percentage (UKB data field 23099) || id:ebi-a-GCST90013975,Hidradenitis suppurativa || id:finn-b-L12_HIDRADENITISSUP,ebi-a-GCST90013975,finn-b-L12_HIDRADENITISSUP,rs4482463,0.9401,1.986398209,0.347500366,1.09E-08,32.7,0.005755895
165,Body fat percentage (UKB data field 23099) || id:ebi-a-GCST90013975,Hidradenitis suppurativa || id:finn-b-L12_HIDRADENITISSUP,ebi-a-GCST90013975,finn-b-L12_HIDRADENITISSUP,rs4516268,0.2546,1.957852005,0.347692918,1.79E-08,31.7,0.012955837
166,Body fat percentage (UKB data field 23099) || id:ebi-a-GCST90013975,Hidradenitis suppurativa || id:finn-b-L12_HIDRADENITISSUP,ebi-a-GCST90013975,finn-b-L12_HIDRADENITISSUP,rs4669869,0.5326,1.960702589,0.346486709,1.52E-08,32,0.004537241
167,Body fat percentage (UKB data field 23099) || id:ebi-a-GCST90013975,Hidradenitis suppurativa || id:finn-b-L12_HIDRADENITISSUP,ebi-a-GCST90013975,finn-b-L12_HIDRADENITISSUP,rs4670169,0.5686,1.995458195,0.346956905,8.86E-09,33.1,0.00441194
168,Body fat percentage (UKB data field 23099) || id:ebi-a-GCST90013975,Hidradenitis suppurativa || id:finn-b-L12_HIDRADENITISSUP,ebi-a-GCST90013975,finn-b-L12_HIDRADENITISSUP,rs4694127,0.08197,1.973483457,0.347553569,1.36E-08,32.2,0.007033522
169,Body fat percentage (UKB data field 23099) || id:ebi-a-GCST90013975,Hidradenitis suppurativa || id:finn-b-L12_HIDRADENITISSUP,ebi-a-GCST90013975,finn-b-L12_HIDRADENITISSUP,rs4700608,0.5759,1.971816828,0.347432921,1.38E-08,32.2,0.006172197
170,Body fat percentage (UKB data field 23099) || id:ebi-a-GCST90013975,Hidradenitis suppurativa || id:finn-b-L12_HIDRADENITISSUP,ebi-a-GCST90013975,finn-b-L12_HIDRADENITISSUP,rs4718964,0.4101,1.987189968,0.347688624,1.09E-08,32.7,0.008061004
171,Body fat percentage (UKB data field 23099) || id:ebi-a-GCST90013975,Hidradenitis suppurativa || id:finn-b-L12_HIDRADENITISSUP,ebi-a-GCST90013975,finn-b-L12_HIDRADENITISSUP,rs4752183,0.5899,1.966197754,0.346996205,1.46E-08,32.1,0.004853273
172,Body fat percentage (UKB data field 23099) || id:ebi-a-GCST90013975,Hidradenitis suppurativa || id:finn-b-L12_HIDRADENITISSUP,ebi-a-GCST90013975,finn-b-L12_HIDRADENITISSUP,rs4757144,0.5082,1.977421411,0.34772341,1.29E-08,32.3,0.008109504
173,Body fat percentage (UKB data field 23099) || id:ebi-a-GCST90013975,Hidradenitis suppurativa || id:finn-b-L12_HIDRADENITISSUP,ebi-a-GCST90013975,finn-b-L12_HIDRADENITISSUP,rs4808762,0.2558,1.942732315,0.346947743,2.15E-08,31.4,0.013008329
174,Body fat percentage (UKB data field 23099) || id:ebi-a-GCST90013975,Hidradenitis suppurativa || id:finn-b-L12_HIDRADENITISSUP,ebi-a-GCST90013975,finn-b-L12_HIDRADENITISSUP,rs4820325,0.5984,1.995215307,0.348038408,9.88E-09,32.9,0.013630437
175,Body fat percentage (UKB data field 23099) || id:ebi-a-GCST90013975,Hidradenitis suppurativa || id:finn-b-L12_HIDRADENITISSUP,ebi-a-GCST90013975,finn-b-L12_HIDRADENITISSUP,rs482787,0.2739,1.976647194,0.347299074,1.26E-08,32.4,0.003387482
176,Body fat percentage (UKB data field 23099) || id:ebi-a-GCST90013975,Hidradenitis suppurativa || id:finn-b-L12_HIDRADENITISSUP,ebi-a-GCST90013975,finn-b-L12_HIDRADENITISSUP,rs4864201,0.6169,1.961338344,0.346340934,1.49E-08,32.1,0.003914205
177,Body fat percentage (UKB data field 23099) || id:ebi-a-GCST90013975,Hidradenitis suppurativa || id:finn-b-L12_HIDRADENITISSUP,ebi-a-GCST90013975,finn-b-L12_HIDRADENITISSUP,rs4876611,0.691,1.985763011,0.348252329,1.18E-08,32.5,0.014617746
178,Body fat percentage (UKB data field 23099) || id:ebi-a-GCST90013975,Hidradenitis suppurativa || id:finn-b-L12_HIDRADENITISSUP,ebi-a-GCST90013975,finn-b-L12_HIDRADENITISSUP,rs4908676,0.5195,2.004709451,0.346246405,7.05E-09,33.5,0.004778232
179,Body fat percentage (UKB data field 23099) || id:ebi-a-GCST90013975,Hidradenitis suppurativa || id:finn-b-L12_HIDRADENITISSUP,ebi-a-GCST90013975,finn-b-L12_HIDRADENITISSUP,rs4966022,0.6806,1.996090986,0.346891118,8.70E-09,33.1,0.00427468
180,Body fat percentage (UKB data field 23099) || id:ebi-a-GCST90013975,Hidradenitis suppurativa || id:finn-b-L12_HIDRADENITISSUP,ebi-a-GCST90013975,finn-b-L12_HIDRADENITISSUP,rs4972476,0.07175,1.973749989,0.347324054,1.33E-08,32.3,0.00462305
181,Body fat percentage (UKB data field 23099) || id:ebi-a-GCST90013975,Hidradenitis suppurativa || id:finn-b-L12_HIDRADENITISSUP,ebi-a-GCST90013975,finn-b-L12_HIDRADENITISSUP,rs529200,0.5609,1.980430781,0.347490021,1.20E-08,32.5,0.004945744
182,Body fat percentage (UKB data field 23099) || id:ebi-a-GCST90013975,Hidradenitis suppurativa || id:finn-b-L12_HIDRADENITISSUP,ebi-a-GCST90013975,finn-b-L12_HIDRADENITISSUP,rs541577,0.6757,1.975794547,0.347464922,1.30E-08,32.3,0.005381902
183,Body fat percentage (UKB data field 23099) || id:ebi-a-GCST90013975,Hidradenitis suppurativa || id:finn-b-L12_HIDRADENITISSUP,ebi-a-GCST90013975,finn-b-L12_HIDRADENITISSUP,rs543874,0.178,1.981271756,0.348994758,1.37E-08,32.2,0.023490465
184,Body fat percentage (UKB data field 23099) || id:ebi-a-GCST90013975,Hidradenitis suppurativa || id:finn-b-L12_HIDRADENITISSUP,ebi-a-GCST90013975,finn-b-L12_HIDRADENITISSUP,rs55868905,0.3295,1.982914268,0.347415183,1.15E-08,32.6,0.004181054
185,Body fat percentage (UKB data field 23099) || id:ebi-a-GCST90013975,Hidradenitis suppurativa || id:finn-b-L12_HIDRADENITISSUP,ebi-a-GCST90013975,finn-b-L12_HIDRADENITISSUP,rs55931203,0.2381,1.965565026,0.348261801,1.66E-08,31.9,0.016469446
186,Body fat percentage (UKB data field 23099) || id:ebi-a-GCST90013975,Hidradenitis suppurativa || id:finn-b-L12_HIDRADENITISSUP,ebi-a-GCST90013975,finn-b-L12_HIDRADENITISSUP,rs56094641,0.419,2.012581361,0.35371884,1.27E-08,32.4,0.082237916
187,Body fat percentage (UKB data field 23099) || id:ebi-a-GCST90013975,Hidradenitis suppurativa || id:finn-b-L12_HIDRADENITISSUP,ebi-a-GCST90013975,finn-b-L12_HIDRADENITISSUP,rs56218501,0.1183,1.980804164,0.347410369,1.19E-08,32.5,0.003989776
188,Body fat percentage (UKB data field 23099) || id:ebi-a-GCST90013975,Hidradenitis suppurativa || id:finn-b-L12_HIDRADENITISSUP,ebi-a-GCST90013975,finn-b-L12_HIDRADENITISSUP,rs56398417,0.2861,1.973272552,0.347264902,1.33E-08,32.3,0.004096218
189,Body fat percentage (UKB data field 23099) || id:ebi-a-GCST90013975,Hidradenitis suppurativa || id:finn-b-L12_HIDRADENITISSUP,ebi-a-GCST90013975,finn-b-L12_HIDRADENITISSUP,rs56399737,0.4492,1.954461761,0.346449873,1.69E-08,31.8,0.006552895
190,Body fat percentage (UKB data field 23099) || id:ebi-a-GCST90013975,Hidradenitis suppurativa || id:finn-b-L12_HIDRADENITISSUP,ebi-a-GCST90013975,finn-b-L12_HIDRADENITISSUP,rs56803094,0.2784,1.973500549,0.347613341,1.37E-08,32.2,0.00761707
191,Body fat percentage (UKB data field 23099) || id:ebi-a-GCST90013975,Hidradenitis suppurativa || id:finn-b-L12_HIDRADENITISSUP,ebi-a-GCST90013975,finn-b-L12_HIDRADENITISSUP,rs56858768,0.3939,2.004258995,0.346909672,7.58E-09,33.4,0.007337674
192,Body fat percentage (UKB data field 23099) || id:ebi-a-GCST90013975,Hidradenitis suppurativa || id:finn-b-L12_HIDRADENITISSUP,ebi-a-GCST90013975,finn-b-L12_HIDRADENITISSUP,rs57235969,0.4727,1.976756974,0.347432082,1.27E-08,32.4,0.004744838
193,Body fat percentage (UKB data field 23099) || id:ebi-a-GCST90013975,Hidradenitis suppurativa || id:finn-b-L12_HIDRADENITISSUP,ebi-a-GCST90013975,finn-b-L12_HIDRADENITISSUP,rs57800857,0.0006339,1.981488314,0.347011313,1.13E-08,32.6,2.82E-05
194,Body fat percentage (UKB data field 23099) || id:ebi-a-GCST90013975,Hidradenitis suppurativa || id:finn-b-L12_HIDRADENITISSUP,ebi-a-GCST90013975,finn-b-L12_HIDRADENITISSUP,rs57989773,0.2063,1.968508204,0.347142107,1.42E-08,32.2,0.004981802
195,Body fat percentage (UKB data field 23099) || id:ebi-a-GCST90013975,Hidradenitis suppurativa || id:finn-b-L12_HIDRADENITISSUP,ebi-a-GCST90013975,finn-b-L12_HIDRADENITISSUP,rs58120873,0.08397,1.981065504,0.347504668,1.19E-08,32.5,0.005245887
196,Body fat percentage (UKB data field 23099) || id:ebi-a-GCST90013975,Hidradenitis suppurativa || id:finn-b-L12_HIDRADENITISSUP,ebi-a-GCST90013975,finn-b-L12_HIDRADENITISSUP,rs58300328,0.4044,1.971375753,0.347702092,1.43E-08,32.1,0.008942835
197,Body fat percentage (UKB data field 23099) || id:ebi-a-GCST90013975,Hidradenitis suppurativa || id:finn-b-L12_HIDRADENITISSUP,ebi-a-GCST90013975,finn-b-L12_HIDRADENITISSUP,rs59227842,0.3104,2.018089789,0.346748035,5.88E-09,33.9,0.011303082
198,Body fat percentage (UKB data field 23099) || id:ebi-a-GCST90013975,Hidradenitis suppurativa || id:finn-b-L12_HIDRADENITISSUP,ebi-a-GCST90013975,finn-b-L12_HIDRADENITISSUP,rs59237168,0.2588,2.016029527,0.344796597,5.00E-09,34.2,0.004773508
199,Body fat percentage (UKB data field 23099) || id:ebi-a-GCST90013975,Hidradenitis suppurativa || id:finn-b-L12_HIDRADENITISSUP,ebi-a-GCST90013975,finn-b-L12_HIDRADENITISSUP,rs6008598,0.09446,1.988954371,0.347210734,1.01E-08,32.8,0.00362473
200,Body fat percentage (UKB data field 23099) || id:ebi-a-GCST90013975,Hidradenitis suppurativa || id:finn-b-L12_HIDRADENITISSUP,ebi-a-GCST90013975,finn-b-L12_HIDRADENITISSUP,rs6023649,0.7834,1.981655107,0.347391956,1.17E-08,32.5,0.003721756
201,Body fat percentage (UKB data field 23099) || id:ebi-a-GCST90013975,Hidradenitis suppurativa || id:finn-b-L12_HIDRADENITISSUP,ebi-a-GCST90013975,finn-b-L12_HIDRADENITISSUP,rs61023343,0.622,1.986508152,0.347474869,1.08E-08,32.7,0.005464592
202,Body fat percentage (UKB data field 23099) || id:ebi-a-GCST90013975,Hidradenitis suppurativa || id:finn-b-L12_HIDRADENITISSUP,ebi-a-GCST90013975,finn-b-L12_HIDRADENITISSUP,rs6103254,0.09952,1.994509705,0.347182984,9.20E-09,33,0.005369928
203,Body fat percentage (UKB data field 23099) || id:ebi-a-GCST90013975,Hidradenitis suppurativa || id:finn-b-L12_HIDRADENITISSUP,ebi-a-GCST90013975,finn-b-L12_HIDRADENITISSUP,rs6138536,0.4842,1.946203198,0.346050114,1.87E-08,31.6,0.007746491
204,Body fat percentage (UKB data field 23099) || id:ebi-a-GCST90013975,Hidradenitis suppurativa || id:finn-b-L12_HIDRADENITISSUP,ebi-a-GCST90013975,finn-b-L12_HIDRADENITISSUP,rs61754230,0.005624,1.983917456,0.347110503,1.09E-08,32.7,0.001124482
205,Body fat percentage (UKB data field 23099) || id:ebi-a-GCST90013975,Hidradenitis suppurativa || id:finn-b-L12_HIDRADENITISSUP,ebi-a-GCST90013975,finn-b-L12_HIDRADENITISSUP,rs61903695,0.2466,2.002908429,0.346330551,7.33E-09,33.4,0.004458311
206,Body fat percentage (UKB data field 23099) || id:ebi-a-GCST90013975,Hidradenitis suppurativa || id:finn-b-L12_HIDRADENITISSUP,ebi-a-GCST90013975,finn-b-L12_HIDRADENITISSUP,rs61910767,0.1374,1.981137719,0.347521606,1.19E-08,32.5,0.005349824
207,Body fat percentage (UKB data field 23099) || id:ebi-a-GCST90013975,Hidradenitis suppurativa || id:finn-b-L12_HIDRADENITISSUP,ebi-a-GCST90013975,finn-b-L12_HIDRADENITISSUP,rs61975138,0.2347,1.970353269,0.347548915,1.43E-08,32.1,0.007655707
208,Body fat percentage (UKB data field 23099) || id:ebi-a-GCST90013975,Hidradenitis suppurativa || id:finn-b-L12_HIDRADENITISSUP,ebi-a-GCST90013975,finn-b-L12_HIDRADENITISSUP,rs62104483,0.3556,2.012315051,0.346593397,6.40E-09,33.7,0.008620628
209,Body fat percentage (UKB data field 23099) || id:ebi-a-GCST90013975,Hidradenitis suppurativa || id:finn-b-L12_HIDRADENITISSUP,ebi-a-GCST90013975,finn-b-L12_HIDRADENITISSUP,rs62106258,0.02044,1.97376443,0.347821105,1.39E-08,32.2,0.010318689
210,Body fat percentage (UKB data field 23099) || id:ebi-a-GCST90013975,Hidradenitis suppurativa || id:finn-b-L12_HIDRADENITISSUP,ebi-a-GCST90013975,finn-b-L12_HIDRADENITISSUP,rs62147189,0.5957,1.97623142,0.347387014,1.28E-08,32.4,0.004347244
211,Body fat percentage (UKB data field 23099) || id:ebi-a-GCST90013975,Hidradenitis suppurativa || id:finn-b-L12_HIDRADENITISSUP,ebi-a-GCST90013975,finn-b-L12_HIDRADENITISSUP,rs62578127,0.3711,2.017380324,0.344767934,4.87E-09,34.2,0.00505499
212,Body fat percentage (UKB data field 23099) || id:ebi-a-GCST90013975,Hidradenitis suppurativa || id:finn-b-L12_HIDRADENITISSUP,ebi-a-GCST90013975,finn-b-L12_HIDRADENITISSUP,rs629443,0.738,2.005201035,0.346147646,6.92E-09,33.6,0.004634318
213,Body fat percentage (UKB data field 23099) || id:ebi-a-GCST90013975,Hidradenitis suppurativa || id:finn-b-L12_HIDRADENITISSUP,ebi-a-GCST90013975,finn-b-L12_HIDRADENITISSUP,rs6480350,0.5445,1.96951352,0.347038271,1.39E-08,32.2,0.003918911
214,Body fat percentage (UKB data field 23099) || id:ebi-a-GCST90013975,Hidradenitis suppurativa || id:finn-b-L12_HIDRADENITISSUP,ebi-a-GCST90013975,finn-b-L12_HIDRADENITISSUP,rs6500594,0.3105,1.990853778,0.347430548,1.00E-08,32.8,0.006182649
215,Body fat percentage (UKB data field 23099) || id:ebi-a-GCST90013975,Hidradenitis suppurativa || id:finn-b-L12_HIDRADENITISSUP,ebi-a-GCST90013975,finn-b-L12_HIDRADENITISSUP,rs6545714,0.5992,1.973366018,0.347887537,1.41E-08,32.2,0.01060067
216,Body fat percentage (UKB data field 23099) || id:ebi-a-GCST90013975,Hidradenitis suppurativa || id:finn-b-L12_HIDRADENITISSUP,ebi-a-GCST90013975,finn-b-L12_HIDRADENITISSUP,rs654718,0.374,1.953768166,0.34566836,1.58E-08,31.9,0.004433195
217,Body fat percentage (UKB data field 23099) || id:ebi-a-GCST90013975,Hidradenitis suppurativa || id:finn-b-L12_HIDRADENITISSUP,ebi-a-GCST90013975,finn-b-L12_HIDRADENITISSUP,rs6567160,0.184,2.005359462,0.348231042,8.48E-09,33.2,0.018372821
218,Body fat percentage (UKB data field 23099) || id:ebi-a-GCST90013975,Hidradenitis suppurativa || id:finn-b-L12_HIDRADENITISSUP,ebi-a-GCST90013975,finn-b-L12_HIDRADENITISSUP,rs6575340,0.6273,1.989216859,0.347791738,1.07E-08,32.7,0.009619327
219,Body fat percentage (UKB data field 23099) || id:ebi-a-GCST90013975,Hidradenitis suppurativa || id:finn-b-L12_HIDRADENITISSUP,ebi-a-GCST90013975,finn-b-L12_HIDRADENITISSUP,rs66765674,0.315,1.957414241,0.346894944,1.67E-08,31.8,0.007459293
220,Body fat percentage (UKB data field 23099) || id:ebi-a-GCST90013975,Hidradenitis suppurativa || id:finn-b-L12_HIDRADENITISSUP,ebi-a-GCST90013975,finn-b-L12_HIDRADENITISSUP,rs67609008,0.1825,1.997640535,0.346522784,8.17E-09,33.2,0.003416749
221,Body fat percentage (UKB data field 23099) || id:ebi-a-GCST90013975,Hidradenitis suppurativa || id:finn-b-L12_HIDRADENITISSUP,ebi-a-GCST90013975,finn-b-L12_HIDRADENITISSUP,rs6847975,0.2543,1.998622732,0.346902665,8.35E-09,33.2,0.00529734
222,Body fat percentage (UKB data field 23099) || id:ebi-a-GCST90013975,Hidradenitis suppurativa || id:finn-b-L12_HIDRADENITISSUP,ebi-a-GCST90013975,finn-b-L12_HIDRADENITISSUP,rs6861649,0.6208,1.960008348,0.346826264,1.59E-08,31.9,0.006195377
223,Body fat percentage (UKB data field 23099) || id:ebi-a-GCST90013975,Hidradenitis suppurativa || id:finn-b-L12_HIDRADENITISSUP,ebi-a-GCST90013975,finn-b-L12_HIDRADENITISSUP,rs6864091,0.4147,1.949649292,0.347695762,2.05E-08,31.4,0.015816537
224,Body fat percentage (UKB data field 23099) || id:ebi-a-GCST90013975,Hidradenitis suppurativa || id:finn-b-L12_HIDRADENITISSUP,ebi-a-GCST90013975,finn-b-L12_HIDRADENITISSUP,rs6888037,0.8448,1.993945213,0.346837097,8.98E-09,33.1,0.003325999
225,Body fat percentage (UKB data field 23099) || id:ebi-a-GCST90013975,Hidradenitis suppurativa || id:finn-b-L12_HIDRADENITISSUP,ebi-a-GCST90013975,finn-b-L12_HIDRADENITISSUP,rs6948959,0.6227,2.021345557,0.344116641,4.25E-09,34.5,0.005108355
226,Body fat percentage (UKB data field 23099) || id:ebi-a-GCST90013975,Hidradenitis suppurativa || id:finn-b-L12_HIDRADENITISSUP,ebi-a-GCST90013975,finn-b-L12_HIDRADENITISSUP,rs6963767,0.7658,1.996177955,0.346931635,8.73E-09,33.1,0.004514016
227,Body fat percentage (UKB data field 23099) || id:ebi-a-GCST90013975,Hidradenitis suppurativa || id:finn-b-L12_HIDRADENITISSUP,ebi-a-GCST90013975,finn-b-L12_HIDRADENITISSUP,rs6973656,0.3622,1.993080509,0.347034104,9.29E-09,33,0.003980466
228,Body fat percentage (UKB data field 23099) || id:ebi-a-GCST90013975,Hidradenitis suppurativa || id:finn-b-L12_HIDRADENITISSUP,ebi-a-GCST90013975,finn-b-L12_HIDRADENITISSUP,rs6973700,0.2733,1.947694257,0.345620756,1.75E-08,31.8,0.006031851
229,Body fat percentage (UKB data field 23099) || id:ebi-a-GCST90013975,Hidradenitis suppurativa || id:finn-b-L12_HIDRADENITISSUP,ebi-a-GCST90013975,finn-b-L12_HIDRADENITISSUP,rs6977416,0.3591,1.971453172,0.347437396,1.39E-08,32.2,0.006270847
230,Body fat percentage (UKB data field 23099) || id:ebi-a-GCST90013975,Hidradenitis suppurativa || id:finn-b-L12_HIDRADENITISSUP,ebi-a-GCST90013975,finn-b-L12_HIDRADENITISSUP,rs6986434,0.6949,1.978043565,0.34752042,1.26E-08,32.4,0.005577675
231,Body fat percentage (UKB data field 23099) || id:ebi-a-GCST90013975,Hidradenitis suppurativa || id:finn-b-L12_HIDRADENITISSUP,ebi-a-GCST90013975,finn-b-L12_HIDRADENITISSUP,rs704061,0.3765,1.992393807,0.347752142,1.01E-08,32.8,0.009872641
232,Body fat percentage (UKB data field 23099) || id:ebi-a-GCST90013975,Hidradenitis suppurativa || id:finn-b-L12_HIDRADENITISSUP,ebi-a-GCST90013975,finn-b-L12_HIDRADENITISSUP,rs704255,0.4355,1.997904178,0.346996249,8.53E-09,33.2,0.005505764
233,Body fat percentage (UKB data field 23099) || id:ebi-a-GCST90013975,Hidradenitis suppurativa || id:finn-b-L12_HIDRADENITISSUP,ebi-a-GCST90013975,finn-b-L12_HIDRADENITISSUP,rs7081254,0.1278,1.973003551,0.347056693,1.31E-08,32.3,0.002749199
234,Body fat percentage (UKB data field 23099) || id:ebi-a-GCST90013975,Hidradenitis suppurativa || id:finn-b-L12_HIDRADENITISSUP,ebi-a-GCST90013975,finn-b-L12_HIDRADENITISSUP,rs7122950,0.225,1.992251922,0.347059193,9.45E-09,33,0.003809968
235,Body fat percentage (UKB data field 23099) || id:ebi-a-GCST90013975,Hidradenitis suppurativa || id:finn-b-L12_HIDRADENITISSUP,ebi-a-GCST90013975,finn-b-L12_HIDRADENITISSUP,rs7124681,0.3971,1.965550942,0.348945411,1.77E-08,31.7,0.02569004
236,Body fat percentage (UKB data field 23099) || id:ebi-a-GCST90013975,Hidradenitis suppurativa || id:finn-b-L12_HIDRADENITISSUP,ebi-a-GCST90013975,finn-b-L12_HIDRADENITISSUP,rs7133378,0.2831,1.98489047,0.348308769,1.21E-08,32.5,0.015472698
237,Body fat percentage (UKB data field 23099) || id:ebi-a-GCST90013975,Hidradenitis suppurativa || id:finn-b-L12_HIDRADENITISSUP,ebi-a-GCST90013975,finn-b-L12_HIDRADENITISSUP,rs7171864,0.703,1.968275382,0.347693504,1.51E-08,32,0.009767384
238,Body fat percentage (UKB data field 23099) || id:ebi-a-GCST90013975,Hidradenitis suppurativa || id:finn-b-L12_HIDRADENITISSUP,ebi-a-GCST90013975,finn-b-L12_HIDRADENITISSUP,rs7193783,0.6558,1.982384268,0.347518393,1.17E-08,32.5,0.00532216
239,Body fat percentage (UKB data field 23099) || id:ebi-a-GCST90013975,Hidradenitis suppurativa || id:finn-b-L12_HIDRADENITISSUP,ebi-a-GCST90013975,finn-b-L12_HIDRADENITISSUP,rs719802,0.657,1.945924355,0.345304382,1.75E-08,31.8,0.005866164
240,Body fat percentage (UKB data field 23099) || id:ebi-a-GCST90013975,Hidradenitis suppurativa || id:finn-b-L12_HIDRADENITISSUP,ebi-a-GCST90013975,finn-b-L12_HIDRADENITISSUP,rs7238896,0.1709,1.953303301,0.346139334,1.67E-08,31.8,0.00578225
241,Body fat percentage (UKB data field 23099) || id:ebi-a-GCST90013975,Hidradenitis suppurativa || id:finn-b-L12_HIDRADENITISSUP,ebi-a-GCST90013975,finn-b-L12_HIDRADENITISSUP,rs72634814,0.3205,1.955475294,0.346786728,1.71E-08,31.8,0.007954074
242,Body fat percentage (UKB data field 23099) || id:ebi-a-GCST90013975,Hidradenitis suppurativa || id:finn-b-L12_HIDRADENITISSUP,ebi-a-GCST90013975,finn-b-L12_HIDRADENITISSUP,rs72681698,0.001298,1.981696762,0.347144176,1.14E-08,32.6,0.000778873
243,Body fat percentage (UKB data field 23099) || id:ebi-a-GCST90013975,Hidradenitis suppurativa || id:finn-b-L12_HIDRADENITISSUP,ebi-a-GCST90013975,finn-b-L12_HIDRADENITISSUP,rs72744924,0.08819,1.958204472,0.345947103,1.51E-08,32,0.003845994
244,Body fat percentage (UKB data field 23099) || id:ebi-a-GCST90013975,Hidradenitis suppurativa || id:finn-b-L12_HIDRADENITISSUP,ebi-a-GCST90013975,finn-b-L12_HIDRADENITISSUP,rs7276563,0.5045,1.993231914,0.347033307,9.27E-09,33,0.0040089
245,Body fat percentage (UKB data field 23099) || id:ebi-a-GCST90013975,Hidradenitis suppurativa || id:finn-b-L12_HIDRADENITISSUP,ebi-a-GCST90013975,finn-b-L12_HIDRADENITISSUP,rs72803260,0.02796,1.978536235,0.347157096,1.20E-08,32.5,0.001439912
246,Body fat percentage (UKB data field 23099) || id:ebi-a-GCST90013975,Hidradenitis suppurativa || id:finn-b-L12_HIDRADENITISSUP,ebi-a-GCST90013975,finn-b-L12_HIDRADENITISSUP,rs72892910,0.2028,1.969472238,0.348445698,1.58E-08,31.9,0.017850308
247,Body fat percentage (UKB data field 23099) || id:ebi-a-GCST90013975,Hidradenitis suppurativa || id:finn-b-L12_HIDRADENITISSUP,ebi-a-GCST90013975,finn-b-L12_HIDRADENITISSUP,rs7298990,0.4876,1.998140683,0.346943851,8.45E-09,33.2,0.005345283
248,Body fat percentage (UKB data field 23099) || id:ebi-a-GCST90013975,Hidradenitis suppurativa || id:finn-b-L12_HIDRADENITISSUP,ebi-a-GCST90013975,finn-b-L12_HIDRADENITISSUP,rs72995085,0.2136,1.938821205,0.3441779,1.77E-08,31.7,0.005621966
249,Body fat percentage (UKB data field 23099) || id:ebi-a-GCST90013975,Hidradenitis suppurativa || id:finn-b-L12_HIDRADENITISSUP,ebi-a-GCST90013975,finn-b-L12_HIDRADENITISSUP,rs73213501,0.2231,2.005730068,0.346806561,7.32E-09,33.4,0.007311716
250,Body fat percentage (UKB data field 23099) || id:ebi-a-GCST90013975,Hidradenitis suppurativa || id:finn-b-L12_HIDRADENITISSUP,ebi-a-GCST90013975,finn-b-L12_HIDRADENITISSUP,rs73759008,0.05303,1.982501363,0.347260074,1.14E-08,32.6,0.002150604
251,Body fat percentage (UKB data field 23099) || id:ebi-a-GCST90013975,Hidradenitis suppurativa || id:finn-b-L12_HIDRADENITISSUP,ebi-a-GCST90013975,finn-b-L12_HIDRADENITISSUP,rs73985439,0.3023,1.980375924,0.347447741,1.20E-08,32.5,0.004435738
252,Body fat percentage (UKB data field 23099) || id:ebi-a-GCST90013975,Hidradenitis suppurativa || id:finn-b-L12_HIDRADENITISSUP,ebi-a-GCST90013975,finn-b-L12_HIDRADENITISSUP,rs7452651,0.2294,1.973871795,0.347348738,1.33E-08,32.3,0.004676936
253,Body fat percentage (UKB data field 23099) || id:ebi-a-GCST90013975,Hidradenitis suppurativa || id:finn-b-L12_HIDRADENITISSUP,ebi-a-GCST90013975,finn-b-L12_HIDRADENITISSUP,rs74618095,0.245,1.953516637,0.346078671,1.65E-08,31.9,0.005569614
254,Body fat percentage (UKB data field 23099) || id:ebi-a-GCST90013975,Hidradenitis suppurativa || id:finn-b-L12_HIDRADENITISSUP,ebi-a-GCST90013975,finn-b-L12_HIDRADENITISSUP,rs7463186,0.5519,1.968806542,0.346969185,1.39E-08,32.2,0.003753654
255,Body fat percentage (UKB data field 23099) || id:ebi-a-GCST90013975,Hidradenitis suppurativa || id:finn-b-L12_HIDRADENITISSUP,ebi-a-GCST90013975,finn-b-L12_HIDRADENITISSUP,rs7498665,0.4125,2.028145511,0.347997939,5.61E-09,34,0.023577385
256,Body fat percentage (UKB data field 23099) || id:ebi-a-GCST90013975,Hidradenitis suppurativa || id:finn-b-L12_HIDRADENITISSUP,ebi-a-GCST90013975,finn-b-L12_HIDRADENITISSUP,rs7517023,0.8853,1.976287167,0.347272981,1.26E-08,32.4,0.003192061
257,Body fat percentage (UKB data field 23099) || id:ebi-a-GCST90013975,Hidradenitis suppurativa || id:finn-b-L12_HIDRADENITISSUP,ebi-a-GCST90013975,finn-b-L12_HIDRADENITISSUP,rs7527674,0.6346,1.965634481,0.346722257,1.43E-08,32.1,0.003780674
258,Body fat percentage (UKB data field 23099) || id:ebi-a-GCST90013975,Hidradenitis suppurativa || id:finn-b-L12_HIDRADENITISSUP,ebi-a-GCST90013975,finn-b-L12_HIDRADENITISSUP,rs75641275,0.2235,1.960442407,0.347196134,1.64E-08,31.9,0.008151946
259,Body fat percentage (UKB data field 23099) || id:ebi-a-GCST90013975,Hidradenitis suppurativa || id:finn-b-L12_HIDRADENITISSUP,ebi-a-GCST90013975,finn-b-L12_HIDRADENITISSUP,rs7584496,0.3887,1.984465999,0.347420699,1.12E-08,32.6,0.004386114
260,Body fat percentage (UKB data field 23099) || id:ebi-a-GCST90013975,Hidradenitis suppurativa || id:finn-b-L12_HIDRADENITISSUP,ebi-a-GCST90013975,finn-b-L12_HIDRADENITISSUP,rs75846784,0.08966,1.992002034,0.347306366,9.72E-09,32.9,0.00551814
261,Body fat percentage (UKB data field 23099) || id:ebi-a-GCST90013975,Hidradenitis suppurativa || id:finn-b-L12_HIDRADENITISSUP,ebi-a-GCST90013975,finn-b-L12_HIDRADENITISSUP,rs7609467,0.355,1.971789606,0.347472057,1.39E-08,32.2,0.006435316
262,Body fat percentage (UKB data field 23099) || id:ebi-a-GCST90013975,Hidradenitis suppurativa || id:finn-b-L12_HIDRADENITISSUP,ebi-a-GCST90013975,finn-b-L12_HIDRADENITISSUP,rs76115890,0.1268,1.964577023,0.346863787,1.48E-08,32.1,0.004760076
263,Body fat percentage (UKB data field 23099) || id:ebi-a-GCST90013975,Hidradenitis suppurativa || id:finn-b-L12_HIDRADENITISSUP,ebi-a-GCST90013975,finn-b-L12_HIDRADENITISSUP,rs7623618,0.6182,1.966729974,0.347100257,1.46E-08,32.1,0.005338119
264,Body fat percentage (UKB data field 23099) || id:ebi-a-GCST90013975,Hidradenitis suppurativa || id:finn-b-L12_HIDRADENITISSUP,ebi-a-GCST90013975,finn-b-L12_HIDRADENITISSUP,rs764729,0.7989,1.98421804,0.347334337,1.11E-08,32.6,0.003357884
265,Body fat percentage (UKB data field 23099) || id:ebi-a-GCST90013975,Hidradenitis suppurativa || id:finn-b-L12_HIDRADENITISSUP,ebi-a-GCST90013975,finn-b-L12_HIDRADENITISSUP,rs7649970,0.1696,1.993032141,0.349055969,1.13E-08,32.6,0.025101616
266,Body fat percentage (UKB data field 23099) || id:ebi-a-GCST90013975,Hidradenitis suppurativa || id:finn-b-L12_HIDRADENITISSUP,ebi-a-GCST90013975,finn-b-L12_HIDRADENITISSUP,rs7680610,0.6859,1.991484597,0.34707866,9.59E-09,32.9,0.003644642
267,Body fat percentage (UKB data field 23099) || id:ebi-a-GCST90013975,Hidradenitis suppurativa || id:finn-b-L12_HIDRADENITISSUP,ebi-a-GCST90013975,finn-b-L12_HIDRADENITISSUP,rs7707628,0.6457,1.994336481,0.347220216,9.26E-09,33,0.005660367
268,Body fat percentage (UKB data field 23099) || id:ebi-a-GCST90013975,Hidradenitis suppurativa || id:finn-b-L12_HIDRADENITISSUP,ebi-a-GCST90013975,finn-b-L12_HIDRADENITISSUP,rs7773916,0.1467,1.96452567,0.346457649,1.43E-08,32.2,0.003336892
269,Body fat percentage (UKB data field 23099) || id:ebi-a-GCST90013975,Hidradenitis suppurativa || id:finn-b-L12_HIDRADENITISSUP,ebi-a-GCST90013975,finn-b-L12_HIDRADENITISSUP,rs778094,0.5318,1.983523134,0.347544426,1.15E-08,32.6,0.005758179
270,Body fat percentage (UKB data field 23099) || id:ebi-a-GCST90013975,Hidradenitis suppurativa || id:finn-b-L12_HIDRADENITISSUP,ebi-a-GCST90013975,finn-b-L12_HIDRADENITISSUP,rs7796825,0.8496,1.983861387,0.34735131,1.12E-08,32.6,0.003475609
271,Body fat percentage (UKB data field 23099) || id:ebi-a-GCST90013975,Hidradenitis suppurativa || id:finn-b-L12_HIDRADENITISSUP,ebi-a-GCST90013975,finn-b-L12_HIDRADENITISSUP,rs7811825,0.06564,1.990856705,0.346870905,9.50E-09,32.9,0.002480833
272,Body fat percentage (UKB data field 23099) || id:ebi-a-GCST90013975,Hidradenitis suppurativa || id:finn-b-L12_HIDRADENITISSUP,ebi-a-GCST90013975,finn-b-L12_HIDRADENITISSUP,rs7893571,0.6947,1.979743085,0.347466517,1.21E-08,32.5,0.004699012
273,Body fat percentage (UKB data field 23099) || id:ebi-a-GCST90013975,Hidradenitis suppurativa || id:finn-b-L12_HIDRADENITISSUP,ebi-a-GCST90013975,finn-b-L12_HIDRADENITISSUP,rs79186842,0.1579,1.969979672,0.347579001,1.45E-08,32.1,0.008094081
274,Body fat percentage (UKB data field 23099) || id:ebi-a-GCST90013975,Hidradenitis suppurativa || id:finn-b-L12_HIDRADENITISSUP,ebi-a-GCST90013975,finn-b-L12_HIDRADENITISSUP,rs7948166,0.5087,1.989412227,0.347386329,1.02E-08,32.8,0.005361542
275,Body fat percentage (UKB data field 23099) || id:ebi-a-GCST90013975,Hidradenitis suppurativa || id:finn-b-L12_HIDRADENITISSUP,ebi-a-GCST90013975,finn-b-L12_HIDRADENITISSUP,rs79518326,0.01304,1.984482489,0.347207381,1.09E-08,32.7,0.002120097
276,Body fat percentage (UKB data field 23099) || id:ebi-a-GCST90013975,Hidradenitis suppurativa || id:finn-b-L12_HIDRADENITISSUP,ebi-a-GCST90013975,finn-b-L12_HIDRADENITISSUP,rs7966251,0.2807,1.962735925,0.34662453,1.49E-08,32.1,0.004371108
277,Body fat percentage (UKB data field 23099) || id:ebi-a-GCST90013975,Hidradenitis suppurativa || id:finn-b-L12_HIDRADENITISSUP,ebi-a-GCST90013975,finn-b-L12_HIDRADENITISSUP,rs7967224,0.7186,1.945864833,0.344567691,1.63E-08,31.9,0.004596433
278,Body fat percentage (UKB data field 23099) || id:ebi-a-GCST90013975,Hidradenitis suppurativa || id:finn-b-L12_HIDRADENITISSUP,ebi-a-GCST90013975,finn-b-L12_HIDRADENITISSUP,rs7979731,0.05973,2.003794882,0.346214139,7.13E-09,33.5,0.004468398
279,Body fat percentage (UKB data field 23099) || id:ebi-a-GCST90013975,Hidradenitis suppurativa || id:finn-b-L12_HIDRADENITISSUP,ebi-a-GCST90013975,finn-b-L12_HIDRADENITISSUP,rs79847714,0.2295,1.965151883,0.346925629,1.47E-08,32.1,0.004861624
280,Body fat percentage (UKB data field 23099) || id:ebi-a-GCST90013975,Hidradenitis suppurativa || id:finn-b-L12_HIDRADENITISSUP,ebi-a-GCST90013975,finn-b-L12_HIDRADENITISSUP,rs7987928,0.8059,1.958225927,0.346592018,1.60E-08,31.9,0.00574452
281,Body fat percentage (UKB data field 23099) || id:ebi-a-GCST90013975,Hidradenitis suppurativa || id:finn-b-L12_HIDRADENITISSUP,ebi-a-GCST90013975,finn-b-L12_HIDRADENITISSUP,rs80082351,0.04193,1.961708426,0.346145463,1.45E-08,32.1,0.003361277
282,Body fat percentage (UKB data field 23099) || id:ebi-a-GCST90013975,Hidradenitis suppurativa || id:finn-b-L12_HIDRADENITISSUP,ebi-a-GCST90013975,finn-b-L12_HIDRADENITISSUP,rs8096564,0.3633,1.961579668,0.346799351,1.55E-08,32,0.005458406
283,Body fat percentage (UKB data field 23099) || id:ebi-a-GCST90013975,Hidradenitis suppurativa || id:finn-b-L12_HIDRADENITISSUP,ebi-a-GCST90013975,finn-b-L12_HIDRADENITISSUP,rs8108198,0.1527,1.989365533,0.347226449,1.01E-08,32.8,0.003891979
284,Body fat percentage (UKB data field 23099) || id:ebi-a-GCST90013975,Hidradenitis suppurativa || id:finn-b-L12_HIDRADENITISSUP,ebi-a-GCST90013975,finn-b-L12_HIDRADENITISSUP,rs811054,0.6047,1.99199204,0.347237285,9.65E-09,32.9,0.004986197
285,Body fat percentage (UKB data field 23099) || id:ebi-a-GCST90013975,Hidradenitis suppurativa || id:finn-b-L12_HIDRADENITISSUP,ebi-a-GCST90013975,finn-b-L12_HIDRADENITISSUP,rs815163,0.4719,1.996775865,0.346948277,8.65E-09,33.1,0.004848035
286,Body fat percentage (UKB data field 23099) || id:ebi-a-GCST90013975,Hidradenitis suppurativa || id:finn-b-L12_HIDRADENITISSUP,ebi-a-GCST90013975,finn-b-L12_HIDRADENITISSUP,rs8176166,0.1703,1.984963398,0.347536995,1.12E-08,32.6,0.005790365
287,Body fat percentage (UKB data field 23099) || id:ebi-a-GCST90013975,Hidradenitis suppurativa || id:finn-b-L12_HIDRADENITISSUP,ebi-a-GCST90013975,finn-b-L12_HIDRADENITISSUP,rs878206,0.4197,1.978547151,0.347388402,1.23E-08,32.4,0.003909352
288,Body fat percentage (UKB data field 23099) || id:ebi-a-GCST90013975,Hidradenitis suppurativa || id:finn-b-L12_HIDRADENITISSUP,ebi-a-GCST90013975,finn-b-L12_HIDRADENITISSUP,rs879620,0.5786,1.961164741,0.347508057,1.67E-08,31.8,0.01032454
289,Body fat percentage (UKB data field 23099) || id:ebi-a-GCST90013975,Hidradenitis suppurativa || id:finn-b-L12_HIDRADENITISSUP,ebi-a-GCST90013975,finn-b-L12_HIDRADENITISSUP,rs923609,0.752,2.010217468,0.34576756,6.11E-09,33.8,0.005117677
290,Body fat percentage (UKB data field 23099) || id:ebi-a-GCST90013975,Hidradenitis suppurativa || id:finn-b-L12_HIDRADENITISSUP,ebi-a-GCST90013975,finn-b-L12_HIDRADENITISSUP,rs9319615,0.4975,1.973231711,0.347224042,1.32E-08,32.3,0.003798033
291,Body fat percentage (UKB data field 23099) || id:ebi-a-GCST90013975,Hidradenitis suppurativa || id:finn-b-L12_HIDRADENITISSUP,ebi-a-GCST90013975,finn-b-L12_HIDRADENITISSUP,rs934224,0.7012,1.989599435,0.347315719,1.01E-08,32.8,0.004752467
292,Body fat percentage (UKB data field 23099) || id:ebi-a-GCST90013975,Hidradenitis suppurativa || id:finn-b-L12_HIDRADENITISSUP,ebi-a-GCST90013975,finn-b-L12_HIDRADENITISSUP,rs9463511,0.385,1.990037056,0.347274658,1.00E-08,32.8,0.004525337
293,Body fat percentage (UKB data field 23099) || id:ebi-a-GCST90013975,Hidradenitis suppurativa || id:finn-b-L12_HIDRADENITISSUP,ebi-a-GCST90013975,finn-b-L12_HIDRADENITISSUP,rs9568867,0.14,1.966883892,0.347511958,1.51E-08,32,0.008436573
294,Body fat percentage (UKB data field 23099) || id:ebi-a-GCST90013975,Hidradenitis suppurativa || id:finn-b-L12_HIDRADENITISSUP,ebi-a-GCST90013975,finn-b-L12_HIDRADENITISSUP,rs9584855,0.2567,1.944704922,0.346004348,1.90E-08,31.6,0.008148227
295,Body fat percentage (UKB data field 23099) || id:ebi-a-GCST90013975,Hidradenitis suppurativa || id:finn-b-L12_HIDRADENITISSUP,ebi-a-GCST90013975,finn-b-L12_HIDRADENITISSUP,rs972283,0.5429,2.011052887,0.347040093,6.84E-09,33.6,0.010483672
296,Body fat percentage (UKB data field 23099) || id:ebi-a-GCST90013975,Hidradenitis suppurativa || id:finn-b-L12_HIDRADENITISSUP,ebi-a-GCST90013975,finn-b-L12_HIDRADENITISSUP,rs9839081,0.2963,1.945672808,0.345587465,1.80E-08,31.7,0.006705464
297,Body fat percentage (UKB data field 23099) || id:ebi-a-GCST90013975,Hidradenitis suppurativa || id:finn-b-L12_HIDRADENITISSUP,ebi-a-GCST90013975,finn-b-L12_HIDRADENITISSUP,rs9843653,0.3939,1.998070489,0.347950172,9.33E-09,33,0.013485539
298,Body fat percentage (UKB data field 23099) || id:ebi-a-GCST90013975,Hidradenitis suppurativa || id:finn-b-L12_HIDRADENITISSUP,ebi-a-GCST90013975,finn-b-L12_HIDRADENITISSUP,rs9863621,0.1376,1.989860625,0.347261552,1.00E-08,32.8,0.004356841
299,Body fat percentage (UKB data field 23099) || id:ebi-a-GCST90013975,Hidradenitis suppurativa || id:finn-b-L12_HIDRADENITISSUP,ebi-a-GCST90013975,finn-b-L12_HIDRADENITISSUP,rs9902386,0.6407,2.010989796,0.346629643,6.57E-09,33.7,0.008269413
300,Body fat percentage (UKB data field 23099) || id:ebi-a-GCST90013975,Hidradenitis suppurativa || id:finn-b-L12_HIDRADENITISSUP,ebi-a-GCST90013975,finn-b-L12_HIDRADENITISSUP,rs9968060,0.6383,1.993614942,0.347215196,9.37E-09,33,0.005427679
